timestamp,open,high,low,close,volume
2025-09-06 00:00:00,0.004635,0.004638,0.004633,0.004635,342203.55
2025-09-06 00:01:00,0.004635,0.004641,0.004635,0.004638,465761.9
2025-09-06 00:02:00,0.004638,0.004642,0.004638,0.00464,888992.62
2025-09-06 00:03:00,0.00464,0.004653,0.00464,0.004653,281489.46
2025-09-06 00:04:00,0.004653,0.004669,0.004653,0.004662,1687818.11
2025-09-06 00:05:00,0.004662,0.004662,0.004658,0.00466,638105.31
2025-09-06 00:06:00,0.00466,0.004666,0.004659,0.004664,1278715.77
2025-09-06 00:07:00,0.004664,0.004666,0.004658,0.004662,894348.56
2025-09-06 00:08:00,0.004662,0.004667,0.004661,0.004663,4927491.64
2025-09-06 00:09:00,0.004663,0.004666,0.004651,0.004651,3127379.92
2025-09-06 00:10:00,0.004651,0.00466,0.004651,0.004656,321342.47
2025-09-06 00:11:00,0.004656,0.004656,0.004651,0.004652,270442.31
2025-09-06 00:12:00,0.004652,0.00466,0.004652,0.004656,294228.61
2025-09-06 00:13:00,0.004656,0.004659,0.00465,0.00465,546284.65
2025-09-06 00:14:00,0.00465,0.004655,0.00465,0.004654,775017.95
2025-09-06 00:15:00,0.004654,0.004664,0.004654,0.004662,214582.51
2025-09-06 00:16:00,0.004662,0.00467,0.004662,0.004669,976936.31
2025-09-06 00:17:00,0.004669,0.004675,0.004669,0.004674,359365.42
2025-09-06 00:18:00,0.004674,0.004676,0.004667,0.004672,496240.63
2025-09-06 00:19:00,0.004672,0.004679,0.004672,0.004672,518544.75
2025-09-06 00:20:00,0.004672,0.004673,0.004664,0.004667,530575.48
2025-09-06 00:21:00,0.004667,0.004669,0.00466,0.004669,2310663.85
2025-09-06 00:22:00,0.004669,0.004673,0.004669,0.004671,260338.27
2025-09-06 00:23:00,0.004671,0.004673,0.00467,0.004673,664779.88
2025-09-06 00:24:00,0.004673,0.004675,0.00467,0.004675,661772.29
2025-09-06 00:25:00,0.004675,0.004679,0.004659,0.004673,7004523.55
2025-09-06 00:26:00,0.004673,0.004679,0.004673,0.004678,5783932.25
2025-09-06 00:27:00,0.004678,0.004678,0.004673,0.004673,179568.42
2025-09-06 00:28:00,0.004673,0.004679,0.004673,0.004679,215230.26
2025-09-06 00:29:00,0.004679,0.004689,0.004679,0.004685,1533077.64
2025-09-06 00:30:00,0.004685,0.004686,0.004676,0.004684,911065.12
2025-09-06 00:31:00,0.004684,0.004691,0.00468,0.00468,442837.55
2025-09-06 00:32:00,0.00468,0.00468,0.004665,0.004666,1255761.47
2025-09-06 00:33:00,0.004666,0.004668,0.004664,0.004668,825033.78
2025-09-06 00:34:00,0.004668,0.004668,0.004658,0.004658,34096.71
2025-09-06 00:35:00,0.004658,0.004662,0.004653,0.004658,628008.87
2025-09-06 00:36:00,0.004658,0.004659,0.004649,0.00465,1819142.89
2025-09-06 00:37:00,0.00465,0.00465,0.004636,0.00464,871226.3
2025-09-06 00:38:00,0.00464,0.004644,0.004638,0.004643,2037578.88
2025-09-06 00:39:00,0.004643,0.00465,0.004643,0.004646,162083.2
2025-09-06 00:40:00,0.004646,0.00465,0.004645,0.004645,302212.42
2025-09-06 00:41:00,0.004645,0.004647,0.004645,0.004647,113417.41
2025-09-06 00:42:00,0.004647,0.00465,0.004647,0.004649,676474.77
2025-09-06 00:43:00,0.004649,0.004649,0.004642,0.004644,302221.06
2025-09-06 00:44:00,0.004644,0.004644,0.004635,0.004636,922732.73
2025-09-06 00:45:00,0.004636,0.004641,0.004634,0.004638,3187541.15
2025-09-06 00:46:00,0.004638,0.004638,0.004632,0.004635,810330.98
2025-09-06 00:47:00,0.004635,0.004638,0.004635,0.004636,700397.83
2025-09-06 00:48:00,0.004636,0.004649,0.004636,0.004646,3832530.96
2025-09-06 00:49:00,0.004646,0.00465,0.004643,0.00465,568718.47
2025-09-06 00:50:00,0.00465,0.00465,0.004642,0.004646,528155.2
2025-09-06 00:51:00,0.004646,0.004648,0.004626,0.004629,7678774.33
2025-09-06 00:52:00,0.004629,0.004651,0.004629,0.004646,11202979.74
2025-09-06 00:53:00,0.004646,0.004646,0.004639,0.004639,579027.45
2025-09-06 00:54:00,0.004639,0.004639,0.004634,0.004638,645747.69
2025-09-06 00:55:00,0.004638,0.004641,0.004636,0.00464,796203.8
2025-09-06 00:56:00,0.00464,0.004653,0.00464,0.004651,601099.69
2025-09-06 00:57:00,0.004651,0.004662,0.004649,0.004659,564068.04
2025-09-06 00:58:00,0.004659,0.004662,0.004659,0.004659,542426.62
2025-09-06 00:59:00,0.004659,0.004661,0.004655,0.004655,130387.85
2025-09-06 01:00:00,0.004655,0.004655,0.004638,0.004639,1800014.77
2025-09-06 01:01:00,0.004639,0.004639,0.004631,0.004631,1679320.51
2025-09-06 01:02:00,0.004631,0.004634,0.004612,0.004627,41028058.05
2025-09-06 01:03:00,0.004627,0.004635,0.004627,0.004635,676598.07
2025-09-06 01:04:00,0.004635,0.004644,0.004634,0.004642,577682.16
2025-09-06 01:05:00,0.004642,0.004668,0.004642,0.004654,11226261.8
2025-09-06 01:06:00,0.004654,0.004664,0.004654,0.004654,1428713.55
2025-09-06 01:07:00,0.004654,0.004656,0.004648,0.00465,601698.24
2025-09-06 01:08:00,0.00465,0.004651,0.004649,0.00465,272136.15
2025-09-06 01:09:00,0.00465,0.004659,0.00465,0.004655,760359.04
2025-09-06 01:10:00,0.004655,0.004669,0.004655,0.004664,2229809.69
2025-09-06 01:11:00,0.004664,0.004672,0.004664,0.00467,129688.84
2025-09-06 01:12:00,0.00467,0.00467,0.004658,0.004661,1099800.0
2025-09-06 01:13:00,0.004661,0.004683,0.004661,0.004683,4290423.3
2025-09-06 01:14:00,0.004683,0.004686,0.004677,0.004685,2876192.61
2025-09-06 01:15:00,0.004685,0.004697,0.004685,0.004697,836815.5
2025-09-06 01:16:00,0.004697,0.004709,0.004695,0.004709,855849.49
2025-09-06 01:17:00,0.004709,0.004713,0.0047,0.004705,1817206.92
2025-09-06 01:18:00,0.004705,0.004721,0.004703,0.004708,6281355.89
2025-09-06 01:19:00,0.004708,0.004715,0.004702,0.004705,7767977.56
2025-09-06 01:20:00,0.004705,0.004711,0.004694,0.004696,904294.83
2025-09-06 01:21:00,0.004696,0.004696,0.004684,0.004687,305148.23
2025-09-06 01:22:00,0.004687,0.004692,0.004686,0.00469,670034.08
2025-09-06 01:23:00,0.00469,0.004691,0.00468,0.004686,1108460.96
2025-09-06 01:24:00,0.004686,0.004691,0.004679,0.004685,503806.35
2025-09-06 01:25:00,0.004685,0.004686,0.004682,0.004685,192714.27
2025-09-06 01:26:00,0.004685,0.004694,0.004684,0.004694,2858075.45
2025-09-06 01:27:00,0.004694,0.0047,0.004692,0.0047,382608.34
2025-09-06 01:28:00,0.0047,0.004708,0.004697,0.004699,700920.69
2025-09-06 01:29:00,0.004699,0.004703,0.004697,0.004697,214583.99
2025-09-06 01:30:00,0.004697,0.004706,0.004697,0.004699,901781.54
2025-09-06 01:31:00,0.004699,0.004699,0.004693,0.004696,234398.91
2025-09-06 01:32:00,0.004696,0.004706,0.004689,0.0047,671424.52
2025-09-06 01:33:00,0.0047,0.00471,0.004692,0.004695,1573382.48
2025-09-06 01:34:00,0.004695,0.004695,0.004688,0.004695,8608317.66
2025-09-06 01:35:00,0.004695,0.004698,0.004693,0.004698,320939.47
2025-09-06 01:36:00,0.004698,0.004698,0.004687,0.004695,353684.51
2025-09-06 01:37:00,0.004695,0.004701,0.004694,0.004701,4737487.89
2025-09-06 01:38:00,0.004701,0.004704,0.0047,0.004704,139848.13
2025-09-06 01:39:00,0.004704,0.004704,0.004694,0.004701,9481887.34
2025-09-06 01:40:00,0.004701,0.004725,0.004701,0.004712,2451921.2
2025-09-06 01:41:00,0.004712,0.004716,0.00471,0.00471,288705.14
2025-09-06 01:42:00,0.00471,0.004733,0.00471,0.004728,908623.3
2025-09-06 01:43:00,0.004728,0.004732,0.004728,0.004731,174033.63
2025-09-06 01:44:00,0.004731,0.004747,0.004731,0.00474,2161095.93
2025-09-06 01:45:00,0.00474,0.004746,0.004737,0.00474,552207.45
2025-09-06 01:46:00,0.00474,0.00474,0.004727,0.004735,942721.91
2025-09-06 01:47:00,0.004735,0.004742,0.004734,0.004739,128534.42
2025-09-06 01:48:00,0.004739,0.004746,0.004737,0.004737,191585.96
2025-09-06 01:49:00,0.004737,0.004738,0.004721,0.004723,1939121.79
2025-09-06 01:50:00,0.004723,0.004728,0.004718,0.004725,722848.34
2025-09-06 01:51:00,0.004725,0.004725,0.004719,0.004724,271071.01
2025-09-06 01:52:00,0.004724,0.00473,0.004719,0.00472,576870.61
2025-09-06 01:53:00,0.00472,0.004721,0.004714,0.004721,524414.53
2025-09-06 01:54:00,0.004721,0.004721,0.004717,0.004717,513202.53
2025-09-06 01:55:00,0.004717,0.004728,0.004717,0.004727,966748.12
2025-09-06 01:56:00,0.004727,0.004727,0.004723,0.004723,47773.54
2025-09-06 01:57:00,0.004723,0.004725,0.004713,0.004713,2577398.94
2025-09-06 01:58:00,0.004713,0.004714,0.004709,0.004713,479969.9
2025-09-06 01:59:00,0.004713,0.004718,0.004711,0.004714,906035.25
2025-09-06 02:00:00,0.004714,0.004715,0.004709,0.004713,209711.5
2025-09-06 02:01:00,0.004713,0.004714,0.004692,0.004695,616327.32
2025-09-06 02:02:00,0.004695,0.004697,0.004689,0.004694,2237726.87
2025-09-06 02:03:00,0.004694,0.004696,0.004689,0.004691,1824722.91
2025-09-06 02:04:00,0.004691,0.004693,0.00469,0.004691,458707.51
2025-09-06 02:05:00,0.004691,0.004703,0.004691,0.004699,1169397.91
2025-09-06 02:06:00,0.004699,0.004701,0.00469,0.004691,817250.82
2025-09-06 02:07:00,0.004691,0.004696,0.00469,0.00469,296207.48
2025-09-06 02:08:00,0.00469,0.004697,0.00469,0.004697,243981.01
2025-09-06 02:09:00,0.004697,0.004697,0.004695,0.004697,58357.38
2025-09-06 02:10:00,0.004697,0.0047,0.004689,0.004689,500406.32
2025-09-06 02:11:00,0.004689,0.004691,0.004675,0.004675,726753.71
2025-09-06 02:12:00,0.004675,0.00468,0.004665,0.004665,4287144.58
2025-09-06 02:13:00,0.004665,0.004665,0.00466,0.004662,654428.19
2025-09-06 02:14:00,0.004662,0.004663,0.004655,0.004662,2657948.58
2025-09-06 02:15:00,0.004662,0.004668,0.004653,0.004668,3539307.37
2025-09-06 02:16:00,0.004668,0.004684,0.004666,0.004683,1497047.03
2025-09-06 02:17:00,0.004683,0.004683,0.004673,0.004678,697386.57
2025-09-06 02:18:00,0.004678,0.004678,0.004665,0.004667,1156848.69
2025-09-06 02:19:00,0.004667,0.004672,0.004667,0.00467,761116.45
2025-09-06 02:20:00,0.00467,0.004687,0.00467,0.004675,4786843.32
2025-09-06 02:21:00,0.004675,0.004679,0.004672,0.004674,871658.06
2025-09-06 02:22:00,0.004674,0.004674,0.004667,0.004672,1318260.11
2025-09-06 02:23:00,0.004672,0.004672,0.004659,0.00466,4164251.51
2025-09-06 02:24:00,0.00466,0.00466,0.004654,0.004657,845117.49
2025-09-06 02:25:00,0.004657,0.004668,0.004657,0.004668,1054245.05
2025-09-06 02:26:00,0.004668,0.004668,0.004654,0.004655,557007.38
2025-09-06 02:27:00,0.004655,0.004657,0.004652,0.004657,366059.62
2025-09-06 02:28:00,0.004657,0.004657,0.004654,0.004654,86144.05
2025-09-06 02:29:00,0.004654,0.00466,0.004654,0.00466,945681.93
2025-09-06 02:30:00,0.00466,0.00466,0.004652,0.004654,2103362.51
2025-09-06 02:31:00,0.004654,0.004656,0.004654,0.004655,136385.46
2025-09-06 02:32:00,0.004655,0.004657,0.004651,0.004655,1097749.28
2025-09-06 02:33:00,0.004655,0.004658,0.004654,0.004656,1603586.34
2025-09-06 02:34:00,0.004656,0.004666,0.004656,0.004664,1847017.85
2025-09-06 02:35:00,0.004664,0.004666,0.004663,0.004666,311705.86
2025-09-06 02:36:00,0.004666,0.004666,0.004657,0.00466,1558565.37
2025-09-06 02:37:00,0.00466,0.00466,0.00465,0.004655,843738.46
2025-09-06 02:38:00,0.004655,0.004655,0.00465,0.004653,138886.71
2025-09-06 02:39:00,0.004653,0.004657,0.00465,0.004653,1153939.14
2025-09-06 02:40:00,0.004653,0.004663,0.004653,0.004659,659363.03
2025-09-06 02:41:00,0.004659,0.004662,0.004659,0.004662,1113765.93
2025-09-06 02:42:00,0.004662,0.004662,0.004642,0.004649,1469350.02
2025-09-06 02:43:00,0.004649,0.00465,0.004578,0.004588,49749950.34
2025-09-06 02:44:00,0.004588,0.004595,0.00458,0.004591,14014381.56
2025-09-06 02:45:00,0.004591,0.004607,0.004587,0.004607,7845383.24
2025-09-06 02:46:00,0.004607,0.004618,0.0046,0.004614,3453367.24
2025-09-06 02:47:00,0.004614,0.004614,0.004605,0.004608,1828489.65
2025-09-06 02:48:00,0.004608,0.004618,0.004607,0.004617,1471496.04
2025-09-06 02:49:00,0.004617,0.004624,0.004616,0.004618,1589280.26
2025-09-06 02:50:00,0.004618,0.004618,0.00461,0.004613,1741077.35
2025-09-06 02:51:00,0.004613,0.004616,0.004611,0.004611,1251668.99
2025-09-06 02:52:00,0.004611,0.004622,0.004611,0.004622,1351770.36
2025-09-06 02:53:00,0.004622,0.004626,0.004619,0.004621,2884666.33
2025-09-06 02:54:00,0.004621,0.004621,0.004609,0.004611,2613841.03
2025-09-06 02:55:00,0.004611,0.004621,0.004611,0.00462,784810.61
2025-09-06 02:56:00,0.00462,0.004625,0.00462,0.004624,723707.38
2025-09-06 02:57:00,0.004624,0.004624,0.004616,0.004616,246634.26
2025-09-06 02:58:00,0.004616,0.004618,0.004609,0.004611,1271013.76
2025-09-06 02:59:00,0.004611,0.004615,0.004611,0.004615,857035.89
2025-09-06 03:00:00,0.004615,0.004616,0.004603,0.004603,1735095.51
2025-09-06 03:01:00,0.004603,0.004603,0.004598,0.004601,1811864.96
2025-09-06 03:02:00,0.004601,0.004616,0.004601,0.00461,1794800.36
2025-09-06 03:03:00,0.00461,0.004614,0.004605,0.004612,565212.2
2025-09-06 03:04:00,0.004612,0.00462,0.004611,0.004617,736949.62
2025-09-06 03:05:00,0.004617,0.00462,0.004614,0.004616,394850.1
2025-09-06 03:06:00,0.004616,0.004624,0.004615,0.00462,5242041.76
2025-09-06 03:07:00,0.00462,0.004624,0.004617,0.00462,342301.4
2025-09-06 03:08:00,0.00462,0.004628,0.00462,0.004625,110770.53
2025-09-06 03:09:00,0.004625,0.004641,0.004625,0.004632,992820.86
2025-09-06 03:10:00,0.004632,0.004632,0.004612,0.004613,1336250.02
2025-09-06 03:11:00,0.004613,0.004619,0.004611,0.004615,1767506.1
2025-09-06 03:12:00,0.004615,0.004622,0.004615,0.004622,522723.0
2025-09-06 03:13:00,0.004622,0.004624,0.004619,0.004621,1216217.92
2025-09-06 03:14:00,0.004621,0.004623,0.004617,0.004618,2367636.56
2025-09-06 03:15:00,0.004618,0.00462,0.004617,0.004619,538816.89
2025-09-06 03:16:00,0.004619,0.00463,0.004619,0.004627,335631.8
2025-09-06 03:17:00,0.004627,0.004634,0.004627,0.004634,553760.68
2025-09-06 03:18:00,0.004634,0.004634,0.004627,0.004628,231569.78
2025-09-06 03:19:00,0.004628,0.004637,0.004628,0.004632,1322625.92
2025-09-06 03:20:00,0.004632,0.004639,0.004631,0.004638,553092.51
2025-09-06 03:21:00,0.004638,0.00464,0.004634,0.004634,481990.6
2025-09-06 03:22:00,0.004634,0.00464,0.004634,0.004637,262533.27
2025-09-06 03:23:00,0.004637,0.004638,0.004636,0.004638,345704.7
2025-09-06 03:24:00,0.004638,0.004642,0.004638,0.004642,709389.13
2025-09-06 03:25:00,0.004642,0.004643,0.004642,0.004643,357054.35
2025-09-06 03:26:00,0.004643,0.004649,0.004642,0.004649,1004241.77
2025-09-06 03:27:00,0.004649,0.004652,0.004645,0.004645,600913.44
2025-09-06 03:28:00,0.004645,0.004646,0.004641,0.004644,295203.24
2025-09-06 03:29:00,0.004644,0.004644,0.004639,0.00464,2684108.61
2025-09-06 03:30:00,0.00464,0.004652,0.00464,0.004646,8243297.18
2025-09-06 03:31:00,0.004646,0.004647,0.004642,0.004647,2125469.29
2025-09-06 03:32:00,0.004647,0.004654,0.004647,0.004651,1291947.14
2025-09-06 03:33:00,0.004651,0.004655,0.004648,0.004654,496436.38
2025-09-06 03:34:00,0.004654,0.004655,0.004653,0.004655,475165.48
2025-09-06 03:35:00,0.004655,0.004669,0.004654,0.004669,1273277.63
2025-09-06 03:36:00,0.004669,0.004678,0.004668,0.004672,759979.78
2025-09-06 03:37:00,0.004672,0.004681,0.004671,0.004673,598630.08
2025-09-06 03:38:00,0.004673,0.004675,0.004664,0.004666,638190.12
2025-09-06 03:39:00,0.004666,0.004674,0.004666,0.004674,193027.89
2025-09-06 03:40:00,0.004674,0.004674,0.004668,0.00467,153196.26
2025-09-06 03:41:00,0.00467,0.00467,0.004662,0.004665,507007.94
2025-09-06 03:42:00,0.004665,0.004665,0.004642,0.004642,712868.83
2025-09-06 03:43:00,0.004642,0.004646,0.00464,0.004644,703576.03
2025-09-06 03:44:00,0.004644,0.004649,0.004644,0.004649,924025.8
2025-09-06 03:45:00,0.004649,0.004666,0.004647,0.004662,1103753.41
2025-09-06 03:46:00,0.004662,0.004665,0.004661,0.004663,1221143.61
2025-09-06 03:47:00,0.004663,0.004665,0.004663,0.004665,259202.3
2025-09-06 03:48:00,0.004665,0.004665,0.004654,0.004659,313735.58
2025-09-06 03:49:00,0.004659,0.004659,0.004647,0.004648,3182290.08
2025-09-06 03:50:00,0.004648,0.004654,0.004648,0.004654,198435.5
2025-09-06 03:51:00,0.004654,0.004654,0.004648,0.004649,344865.5
2025-09-06 03:52:00,0.004649,0.00465,0.004649,0.00465,103249.54
2025-09-06 03:53:00,0.00465,0.004668,0.00465,0.004665,7938092.08
2025-09-06 03:54:00,0.004665,0.004665,0.004657,0.004664,372310.56
2025-09-06 03:55:00,0.004664,0.004672,0.004664,0.004672,1309650.5
2025-09-06 03:56:00,0.004672,0.004672,0.004667,0.004671,658061.44
2025-09-06 03:57:00,0.004671,0.004677,0.004669,0.004674,1217969.13
2025-09-06 03:58:00,0.004674,0.004677,0.004673,0.004673,1463033.44
2025-09-06 03:59:00,0.004673,0.004674,0.004666,0.00467,193901.25
2025-09-06 04:00:00,0.00467,0.004681,0.004667,0.00468,8504781.98
2025-09-06 04:01:00,0.00468,0.004683,0.004675,0.004678,1822924.05
2025-09-06 04:02:00,0.004678,0.004686,0.004661,0.00468,15381014.15
2025-09-06 04:03:00,0.00468,0.004682,0.004676,0.004682,256094.09
2025-09-06 04:04:00,0.004682,0.004685,0.004678,0.004685,1753353.68
2025-09-06 04:05:00,0.004685,0.004689,0.004672,0.004672,1031971.6
2025-09-06 04:06:00,0.004672,0.004686,0.004672,0.004683,4520667.39
2025-09-06 04:07:00,0.004683,0.004685,0.004674,0.004675,1641722.36
2025-09-06 04:08:00,0.004675,0.004683,0.004674,0.004679,7270358.44
2025-09-06 04:09:00,0.004679,0.004694,0.004679,0.00469,10049573.11
2025-09-06 04:10:00,0.00469,0.004692,0.004687,0.004691,1005195.32
2025-09-06 04:11:00,0.004691,0.004695,0.004685,0.004686,2654064.06
2025-09-06 04:12:00,0.004686,0.004701,0.004685,0.004693,7303294.78
2025-09-06 04:13:00,0.004693,0.004712,0.004691,0.00471,6024709.57
2025-09-06 04:14:00,0.00471,0.004719,0.00471,0.004718,1151476.26
2025-09-06 04:15:00,0.004718,0.004727,0.004715,0.004719,1461618.95
2025-09-06 04:16:00,0.004719,0.004751,0.004719,0.004733,28239624.98
2025-09-06 04:17:00,0.004733,0.004758,0.004728,0.004755,10336900.84
2025-09-06 04:18:00,0.004755,0.00476,0.00475,0.004759,1049260.77
2025-09-06 04:19:00,0.004759,0.004759,0.004755,0.004757,1202294.96
2025-09-06 04:20:00,0.004757,0.004762,0.004757,0.004759,720159.86
2025-09-06 04:21:00,0.004759,0.004765,0.004753,0.004758,1112673.04
2025-09-06 04:22:00,0.004758,0.00478,0.004758,0.004774,3831199.21
2025-09-06 04:23:00,0.004774,0.004802,0.004774,0.004802,32077656.19
2025-09-06 04:24:00,0.004802,0.004802,0.004795,0.004795,1805148.15
2025-09-06 04:25:00,0.004795,0.004798,0.004784,0.004797,3236328.5
2025-09-06 04:26:00,0.004797,0.004812,0.004797,0.004809,4975231.56
2025-09-06 04:27:00,0.004809,0.004811,0.004804,0.004807,1854554.42
2025-09-06 04:28:00,0.004807,0.004818,0.004798,0.004818,1446575.05
2025-09-06 04:29:00,0.004818,0.004818,0.004802,0.004802,984759.13
2025-09-06 04:30:00,0.004802,0.004803,0.004778,0.00478,9169778.3
2025-09-06 04:31:00,0.00478,0.004795,0.004778,0.004784,6161157.21
2025-09-06 04:32:00,0.004784,0.00479,0.004782,0.004788,2100286.93
2025-09-06 04:33:00,0.004788,0.004788,0.004756,0.004765,12006481.32
2025-09-06 04:34:00,0.004765,0.004779,0.004764,0.004779,3712796.34
2025-09-06 04:35:00,0.004779,0.004779,0.004764,0.004766,2161976.79
2025-09-06 04:36:00,0.004766,0.004777,0.004766,0.004773,2149417.57
2025-09-06 04:37:00,0.004773,0.004773,0.004765,0.004765,470499.89
2025-09-06 04:38:00,0.004765,0.004765,0.00476,0.004764,506118.04
2025-09-06 04:39:00,0.004764,0.004767,0.00476,0.004765,2213011.19
2025-09-06 04:40:00,0.004765,0.004779,0.004764,0.004779,2162448.99
2025-09-06 04:41:00,0.004779,0.004803,0.004773,0.004802,36133074.41
2025-09-06 04:42:00,0.004802,0.004833,0.0048,0.004833,21447409.88
2025-09-06 04:43:00,0.004833,0.004838,0.004822,0.004835,4517526.22
2025-09-06 04:44:00,0.004835,0.00491,0.004826,0.004885,27684731.43
2025-09-06 04:45:00,0.004885,0.004903,0.004834,0.004842,22889718.76
2025-09-06 04:46:00,0.004842,0.004842,0.004829,0.004834,5155773.54
2025-09-06 04:47:00,0.004834,0.004848,0.004831,0.004831,9689603.15
2025-09-06 04:48:00,0.004831,0.004847,0.004831,0.004838,1447211.2
2025-09-06 04:49:00,0.004838,0.004845,0.004833,0.004844,2809348.86
2025-09-06 04:50:00,0.004844,0.004844,0.004829,0.00484,622867.72
2025-09-06 04:51:00,0.00484,0.004847,0.004835,0.004844,13008798.68
2025-09-06 04:52:00,0.004844,0.004853,0.00484,0.004852,20876442.17
2025-09-06 04:53:00,0.004852,0.004852,0.004845,0.004851,429766.25
2025-09-06 04:54:00,0.004851,0.004855,0.004848,0.00485,2661850.15
2025-09-06 04:55:00,0.00485,0.00485,0.004844,0.004847,2184817.43
2025-09-06 04:56:00,0.004847,0.004847,0.004833,0.004839,1166611.37
2025-09-06 04:57:00,0.004839,0.004868,0.004839,0.004857,5478804.71
2025-09-06 04:58:00,0.004857,0.004857,0.004838,0.004838,1567299.77
2025-09-06 04:59:00,0.004838,0.004846,0.004838,0.004844,1116342.47
2025-09-06 05:00:00,0.004844,0.004846,0.004831,0.004835,1733614.37
2025-09-06 05:01:00,0.004835,0.004836,0.004827,0.00483,5587773.0
2025-09-06 05:02:00,0.00483,0.004837,0.004825,0.004834,3158403.37
2025-09-06 05:03:00,0.004834,0.004835,0.004827,0.004829,378240.17
2025-09-06 05:04:00,0.004829,0.004836,0.004826,0.004835,3445029.08
2025-09-06 05:05:00,0.004835,0.004846,0.004827,0.004841,3671977.76
2025-09-06 05:06:00,0.004841,0.004845,0.004839,0.004842,652999.65
2025-09-06 05:07:00,0.004842,0.004842,0.004818,0.004818,2121394.25
2025-09-06 05:08:00,0.004818,0.00482,0.004804,0.004816,3905808.84
2025-09-06 05:09:00,0.004816,0.004819,0.004806,0.004808,1725712.4
2025-09-06 05:10:00,0.004808,0.004819,0.004807,0.004817,3410098.36
2025-09-06 05:11:00,0.004817,0.004836,0.004816,0.004835,4258411.75
2025-09-06 05:12:00,0.004835,0.004839,0.004831,0.004839,2491949.25
2025-09-06 05:13:00,0.004839,0.004845,0.004835,0.004841,4206686.23
2025-09-06 05:14:00,0.004841,0.004841,0.004834,0.00484,534229.02
2025-09-06 05:15:00,0.00484,0.004845,0.004826,0.004827,2523425.14
2025-09-06 05:16:00,0.004827,0.00483,0.004824,0.00483,1025842.28
2025-09-06 05:17:00,0.00483,0.004834,0.004827,0.004828,453203.7
2025-09-06 05:18:00,0.004828,0.004836,0.004827,0.004829,1687760.88
2025-09-06 05:19:00,0.004829,0.004832,0.004821,0.004826,1461129.85
2025-09-06 05:20:00,0.004826,0.004827,0.004812,0.004816,3620542.64
2025-09-06 05:21:00,0.004816,0.00482,0.004789,0.00479,2697884.97
2025-09-06 05:22:00,0.00479,0.00479,0.004778,0.004782,777136.1
2025-09-06 05:23:00,0.004782,0.004794,0.004782,0.004791,1633382.33
2025-09-06 05:24:00,0.004791,0.004793,0.004778,0.004781,1063028.28
2025-09-06 05:25:00,0.004781,0.004782,0.00477,0.004779,1348026.78
2025-09-06 05:26:00,0.004779,0.004793,0.004777,0.004792,844234.95
2025-09-06 05:27:00,0.004792,0.004798,0.004785,0.00479,1372094.7
2025-09-06 05:28:00,0.00479,0.0048,0.004773,0.004779,3213695.0
2025-09-06 05:29:00,0.004779,0.00479,0.004779,0.004788,553671.91
2025-09-06 05:30:00,0.004788,0.004789,0.004782,0.004783,1187354.24
2025-09-06 05:31:00,0.004783,0.004786,0.00478,0.004785,299435.09
2025-09-06 05:32:00,0.004785,0.004795,0.004785,0.004794,1140758.94
2025-09-06 05:33:00,0.004794,0.004795,0.004789,0.004792,345147.14
2025-09-06 05:34:00,0.004792,0.004797,0.00479,0.00479,1101750.46
2025-09-06 05:35:00,0.00479,0.004792,0.004766,0.004766,2865049.07
2025-09-06 05:36:00,0.004766,0.004778,0.004766,0.004778,632648.31
2025-09-06 05:37:00,0.004778,0.00478,0.004773,0.004778,1995116.97
2025-09-06 05:38:00,0.004778,0.00479,0.004778,0.004788,465278.03
2025-09-06 05:39:00,0.004788,0.004789,0.004782,0.004784,390035.74
2025-09-06 05:40:00,0.004784,0.004803,0.004782,0.004792,1814567.12
2025-09-06 05:41:00,0.004792,0.00482,0.004792,0.00482,3231232.77
2025-09-06 05:42:00,0.00482,0.004833,0.004818,0.004827,3277868.1
2025-09-06 05:43:00,0.004827,0.004828,0.004818,0.00482,2014591.2
2025-09-06 05:44:00,0.00482,0.004822,0.004801,0.004809,4344400.91
2025-09-06 05:45:00,0.004809,0.004824,0.004808,0.004822,7895013.38
2025-09-06 05:46:00,0.004822,0.004822,0.004816,0.004817,2736398.48
2025-09-06 05:47:00,0.004817,0.004822,0.004817,0.00482,1540422.78
2025-09-06 05:48:00,0.00482,0.00482,0.00481,0.004818,679366.34
2025-09-06 05:49:00,0.004818,0.004838,0.004818,0.004825,1297061.92
2025-09-06 05:50:00,0.004825,0.004826,0.004817,0.004824,2414968.82
2025-09-06 05:51:00,0.004824,0.004831,0.004808,0.004811,1655902.47
2025-09-06 05:52:00,0.004811,0.004813,0.004801,0.004804,1792283.61
2025-09-06 05:53:00,0.004804,0.004804,0.004786,0.00479,1165421.41
2025-09-06 05:54:00,0.00479,0.004796,0.00479,0.004793,2979396.05
2025-09-06 05:55:00,0.004793,0.004805,0.004791,0.004797,2577423.03
2025-09-06 05:56:00,0.004797,0.0048,0.004789,0.0048,1095448.94
2025-09-06 05:57:00,0.0048,0.004839,0.0048,0.004819,15261058.77
2025-09-06 05:58:00,0.004819,0.004822,0.00481,0.004812,1182507.2
2025-09-06 05:59:00,0.004812,0.004812,0.0048,0.004802,1508264.7
2025-09-06 06:00:00,0.004802,0.004802,0.004793,0.004794,1380227.48
2025-09-06 06:01:00,0.004794,0.004794,0.004785,0.004792,1995971.65
2025-09-06 06:02:00,0.004792,0.004801,0.004789,0.004801,1633649.62
2025-09-06 06:03:00,0.004801,0.004806,0.004789,0.004806,3212041.49
2025-09-06 06:04:00,0.004806,0.004811,0.004773,0.004776,10525020.92
2025-09-06 06:05:00,0.004776,0.004782,0.004775,0.004779,410485.88
2025-09-06 06:06:00,0.004779,0.00479,0.004776,0.004787,2137590.4
2025-09-06 06:07:00,0.004787,0.004792,0.004782,0.004785,2224463.78
2025-09-06 06:08:00,0.004785,0.004799,0.004781,0.004793,12066188.32
2025-09-06 06:09:00,0.004793,0.004797,0.004786,0.00479,1031315.9
2025-09-06 06:10:00,0.00479,0.004798,0.004788,0.00479,2727714.47
2025-09-06 06:11:00,0.00479,0.004814,0.004787,0.004813,3508728.27
2025-09-06 06:12:00,0.004813,0.004813,0.004799,0.0048,4553213.69
2025-09-06 06:13:00,0.0048,0.004817,0.004793,0.004801,13080536.15
2025-09-06 06:14:00,0.004801,0.00481,0.004796,0.004798,4982136.74
2025-09-06 06:15:00,0.004798,0.004798,0.004787,0.004789,978685.13
2025-09-06 06:16:00,0.004789,0.004799,0.004787,0.004799,3310751.64
2025-09-06 06:17:00,0.004799,0.004799,0.004783,0.004784,572850.71
2025-09-06 06:18:00,0.004784,0.004803,0.004784,0.004798,4389253.59
2025-09-06 06:19:00,0.004798,0.00481,0.004796,0.004803,3218315.86
2025-09-06 06:20:00,0.004803,0.004812,0.004801,0.004801,3641599.29
2025-09-06 06:21:00,0.004801,0.004805,0.00479,0.004799,1051963.84
2025-09-06 06:22:00,0.004799,0.0048,0.004794,0.004798,872681.21
2025-09-06 06:23:00,0.004798,0.004798,0.004787,0.004791,1154334.11
2025-09-06 06:24:00,0.004791,0.004791,0.004779,0.004786,2722989.09
2025-09-06 06:25:00,0.004786,0.004788,0.004779,0.004785,1088882.31
2025-09-06 06:26:00,0.004785,0.004785,0.004776,0.004778,1168141.89
2025-09-06 06:27:00,0.004778,0.004784,0.004778,0.004781,306489.99
2025-09-06 06:28:00,0.004781,0.004782,0.004776,0.004776,876795.57
2025-09-06 06:29:00,0.004776,0.004777,0.004772,0.004772,6251786.56
2025-09-06 06:30:00,0.004772,0.00478,0.004771,0.004772,1205548.81
2025-09-06 06:31:00,0.004772,0.004778,0.004772,0.004776,503100.25
2025-09-06 06:32:00,0.004776,0.004793,0.004775,0.004792,1248402.54
2025-09-06 06:33:00,0.004792,0.004796,0.004786,0.004794,3079367.75
2025-09-06 06:34:00,0.004794,0.004794,0.004782,0.004786,1469973.69
2025-09-06 06:35:00,0.004786,0.004797,0.004785,0.00479,1913590.38
2025-09-06 06:36:00,0.00479,0.004797,0.004787,0.004788,832466.39
2025-09-06 06:37:00,0.004788,0.004791,0.004784,0.004785,248661.61
2025-09-06 06:38:00,0.004785,0.004789,0.004784,0.004786,53002.71
2025-09-06 06:39:00,0.004786,0.004795,0.004786,0.00479,4055230.73
2025-09-06 06:40:00,0.00479,0.004795,0.004787,0.004794,2515619.38
2025-09-06 06:41:00,0.004794,0.004794,0.004785,0.004785,1456958.09
2025-09-06 06:42:00,0.004785,0.004792,0.004784,0.00479,2460487.48
2025-09-06 06:43:00,0.00479,0.004793,0.004785,0.004793,2009329.89
2025-09-06 06:44:00,0.004793,0.004801,0.004788,0.004795,4188335.41
2025-09-06 06:45:00,0.004795,0.004801,0.004792,0.0048,544856.45
2025-09-06 06:46:00,0.0048,0.004825,0.004798,0.004825,2216259.79
2025-09-06 06:47:00,0.004825,0.004847,0.004825,0.004847,6279731.6
2025-09-06 06:48:00,0.004847,0.004865,0.004842,0.004864,9873463.62
2025-09-06 06:49:00,0.004864,0.004869,0.004858,0.004864,1151282.28
2025-09-06 06:50:00,0.004864,0.004866,0.004851,0.00486,1730568.0
2025-09-06 06:51:00,0.00486,0.004864,0.004856,0.004858,2669166.25
2025-09-06 06:52:00,0.004858,0.004872,0.004855,0.004872,4012696.85
2025-09-06 06:53:00,0.004872,0.004875,0.004864,0.004868,759034.03
2025-09-06 06:54:00,0.004868,0.004868,0.004859,0.004862,1303652.22
2025-09-06 06:55:00,0.004862,0.004868,0.004862,0.004865,265979.31
2025-09-06 06:56:00,0.004865,0.004865,0.004853,0.004853,1218597.09
2025-09-06 06:57:00,0.004853,0.004858,0.004843,0.004847,1968485.58
2025-09-06 06:58:00,0.004847,0.004859,0.004843,0.004858,1657209.97
2025-09-06 06:59:00,0.004858,0.004859,0.00485,0.004857,662556.43
2025-09-06 07:00:00,0.004857,0.00486,0.004854,0.004856,643543.91
2025-09-06 07:01:00,0.004856,0.004858,0.004849,0.00485,647835.94
2025-09-06 07:02:00,0.00485,0.004857,0.004842,0.004857,789695.34
2025-09-06 07:03:00,0.004857,0.004857,0.004849,0.004849,615715.63
2025-09-06 07:04:00,0.004849,0.00485,0.004839,0.004839,445907.34
2025-09-06 07:05:00,0.004839,0.004855,0.004834,0.004855,2323033.85
2025-09-06 07:06:00,0.004855,0.004867,0.00485,0.004867,4176242.21
2025-09-06 07:07:00,0.004867,0.004869,0.004855,0.004855,2685537.28
2025-09-06 07:08:00,0.004855,0.004865,0.004855,0.004865,743501.26
2025-09-06 07:09:00,0.004865,0.004865,0.004855,0.004861,2311239.79
2025-09-06 07:10:00,0.004861,0.004864,0.004858,0.004858,3011963.36
2025-09-06 07:11:00,0.004858,0.004858,0.004846,0.004849,1680137.91
2025-09-06 07:12:00,0.004849,0.004852,0.004847,0.004849,2234689.81
2025-09-06 07:13:00,0.004849,0.004854,0.004849,0.004853,3950725.88
2025-09-06 07:14:00,0.004853,0.004861,0.004851,0.004855,2462574.52
2025-09-06 07:15:00,0.004855,0.004859,0.004851,0.004851,973147.07
2025-09-06 07:16:00,0.004851,0.004854,0.004849,0.004852,284862.08
2025-09-06 07:17:00,0.004852,0.004857,0.004852,0.004856,643973.77
2025-09-06 07:18:00,0.004856,0.004857,0.004846,0.004852,1966221.59
2025-09-06 07:19:00,0.004852,0.004852,0.004843,0.004852,327870.62
2025-09-06 07:20:00,0.004852,0.004852,0.004846,0.004847,226761.66
2025-09-06 07:21:00,0.004847,0.00485,0.004845,0.004847,1037422.66
2025-09-06 07:22:00,0.004847,0.004848,0.004845,0.004846,1426200.18
2025-09-06 07:23:00,0.004846,0.004851,0.004841,0.004844,2154190.46
2025-09-06 07:24:00,0.004844,0.004851,0.004838,0.004846,9571216.34
2025-09-06 07:25:00,0.004846,0.004848,0.004834,0.004837,4876774.52
2025-09-06 07:26:00,0.004837,0.004842,0.004836,0.004836,1308215.62
2025-09-06 07:27:00,0.004836,0.004841,0.004836,0.004841,1004235.81
2025-09-06 07:28:00,0.004841,0.004841,0.004833,0.004839,261450.94
2025-09-06 07:29:00,0.004839,0.004846,0.004833,0.004833,497692.33
2025-09-06 07:30:00,0.004833,0.00484,0.00483,0.004838,4821633.62
2025-09-06 07:31:00,0.004838,0.004843,0.004836,0.00484,1460081.52
2025-09-06 07:32:00,0.00484,0.004858,0.00484,0.004855,1283635.29
2025-09-06 07:33:00,0.004855,0.004861,0.004853,0.004854,1565608.75
2025-09-06 07:34:00,0.004854,0.004855,0.004849,0.004855,285878.22
2025-09-06 07:35:00,0.004855,0.004856,0.004852,0.004852,552782.74
2025-09-06 07:36:00,0.004852,0.004857,0.004817,0.004819,19506477.32
2025-09-06 07:37:00,0.004819,0.004835,0.004819,0.004833,1416501.03
2025-09-06 07:38:00,0.004833,0.004849,0.004833,0.004848,340782.35
2025-09-06 07:39:00,0.004848,0.004858,0.004847,0.004855,4941057.48
2025-09-06 07:40:00,0.004855,0.004864,0.004855,0.004859,649918.46
2025-09-06 07:41:00,0.004859,0.004861,0.004858,0.004859,46424.25
2025-09-06 07:42:00,0.004859,0.004877,0.004857,0.004871,4565982.51
2025-09-06 07:43:00,0.004871,0.004885,0.004871,0.004874,1217657.0
2025-09-06 07:44:00,0.004874,0.004882,0.004874,0.00488,2334809.2
2025-09-06 07:45:00,0.00488,0.004888,0.004879,0.004882,5504526.44
2025-09-06 07:46:00,0.004882,0.004885,0.004874,0.004877,2520692.45
2025-09-06 07:47:00,0.004877,0.004882,0.004876,0.004878,753284.87
2025-09-06 07:48:00,0.004878,0.004885,0.004878,0.004882,1675709.16
2025-09-06 07:49:00,0.004882,0.004885,0.004875,0.004875,1290214.55
2025-09-06 07:50:00,0.004875,0.004883,0.004866,0.004876,4450862.12
2025-09-06 07:51:00,0.004876,0.004878,0.004873,0.004875,1507001.37
2025-09-06 07:52:00,0.004875,0.004883,0.004875,0.004882,631003.63
2025-09-06 07:53:00,0.004882,0.004882,0.004879,0.004881,296895.3
2025-09-06 07:54:00,0.004881,0.004885,0.004876,0.004882,3912982.5
2025-09-06 07:55:00,0.004882,0.004882,0.004875,0.004876,1084587.87
2025-09-06 07:56:00,0.004876,0.004884,0.004873,0.004879,3244061.11
2025-09-06 07:57:00,0.004879,0.004885,0.004879,0.004881,1734707.51
2025-09-06 07:58:00,0.004881,0.004886,0.004879,0.00488,6366093.46
2025-09-06 07:59:00,0.00488,0.00488,0.004867,0.004873,1789242.83
2025-09-06 08:00:00,0.004873,0.004874,0.004858,0.004862,3623362.83
2025-09-06 08:01:00,0.004862,0.004862,0.004845,0.004853,3619989.74
2025-09-06 08:02:00,0.004853,0.004853,0.004842,0.00485,2729697.26
2025-09-06 08:03:00,0.00485,0.00485,0.00484,0.004844,1564909.59
2025-09-06 08:04:00,0.004844,0.004845,0.004842,0.004844,467586.1
2025-09-06 08:05:00,0.004844,0.004851,0.004844,0.00485,111478.46
2025-09-06 08:06:00,0.00485,0.00485,0.004845,0.00485,421929.07
2025-09-06 08:07:00,0.00485,0.00487,0.004841,0.004867,13157448.19
2025-09-06 08:08:00,0.004867,0.004886,0.004866,0.00488,6852616.03
2025-09-06 08:09:00,0.00488,0.004889,0.004871,0.004886,9785104.5
2025-09-06 08:10:00,0.004886,0.004917,0.004886,0.004899,15320549.8
2025-09-06 08:11:00,0.004899,0.004913,0.00489,0.004899,2803638.21
2025-09-06 08:12:00,0.004899,0.004903,0.004882,0.004886,5011655.26
2025-09-06 08:13:00,0.004886,0.004886,0.004881,0.004886,2738860.31
2025-09-06 08:14:00,0.004886,0.004899,0.004882,0.004884,3583875.33
2025-09-06 08:15:00,0.004884,0.004903,0.004882,0.0049,3022480.49
2025-09-06 08:16:00,0.0049,0.004909,0.0049,0.004908,1911331.77
2025-09-06 08:17:00,0.004908,0.004915,0.004898,0.004914,2674658.4
2025-09-06 08:18:00,0.004914,0.004931,0.004914,0.004927,3333654.13
2025-09-06 08:19:00,0.004927,0.004937,0.004913,0.004932,16904181.94
2025-09-06 08:20:00,0.004932,0.004932,0.004918,0.004927,4864639.41
2025-09-06 08:21:00,0.004927,0.004968,0.004919,0.004959,39983238.62
2025-09-06 08:22:00,0.004959,0.004959,0.004934,0.004946,6256886.53
2025-09-06 08:23:00,0.004946,0.004966,0.004946,0.004956,4116707.58
2025-09-06 08:24:00,0.004956,0.004977,0.004952,0.004959,13291195.02
2025-09-06 08:25:00,0.004959,0.004978,0.004959,0.004972,9174299.73
2025-09-06 08:26:00,0.004972,0.004975,0.004967,0.004969,3990516.97
2025-09-06 08:27:00,0.004969,0.00497,0.004952,0.004952,4227308.61
2025-09-06 08:28:00,0.004952,0.004961,0.00495,0.004953,1111747.8
2025-09-06 08:29:00,0.004953,0.004962,0.004952,0.004958,602998.76
2025-09-06 08:30:00,0.004958,0.004963,0.004936,0.004943,3544788.43
2025-09-06 08:31:00,0.004943,0.004944,0.004918,0.004921,8231352.22
2025-09-06 08:32:00,0.004921,0.004941,0.004921,0.004934,4844262.65
2025-09-06 08:33:00,0.004934,0.00494,0.004928,0.004931,2059677.26
2025-09-06 08:34:00,0.004931,0.004939,0.004921,0.004924,2655215.04
2025-09-06 08:35:00,0.004924,0.004937,0.004921,0.004934,1685069.85
2025-09-06 08:36:00,0.004934,0.004934,0.004927,0.004931,2565644.63
2025-09-06 08:37:00,0.004931,0.004936,0.004927,0.004936,1220680.6
2025-09-06 08:38:00,0.004936,0.004937,0.004933,0.004937,976494.88
2025-09-06 08:39:00,0.004937,0.004944,0.004924,0.004928,10181298.79
2025-09-06 08:40:00,0.004928,0.004928,0.004915,0.004919,833678.28
2025-09-06 08:41:00,0.004919,0.004924,0.00491,0.004924,11891567.57
2025-09-06 08:42:00,0.004924,0.004927,0.004914,0.004914,2390952.15
2025-09-06 08:43:00,0.004914,0.004914,0.004906,0.004906,1270888.02
2025-09-06 08:44:00,0.004906,0.004906,0.004892,0.0049,3470864.77
2025-09-06 08:45:00,0.0049,0.0049,0.004889,0.004891,880907.51
2025-09-06 08:46:00,0.004891,0.004893,0.004881,0.004888,5038979.7
2025-09-06 08:47:00,0.004888,0.004893,0.004884,0.004892,426338.22
2025-09-06 08:48:00,0.004892,0.004895,0.004874,0.004881,4535860.34
2025-09-06 08:49:00,0.004881,0.004886,0.004879,0.004879,1611899.2
2025-09-06 08:50:00,0.004879,0.004888,0.004877,0.004887,1333993.02
2025-09-06 08:51:00,0.004887,0.004889,0.004884,0.004889,595597.55
2025-09-06 08:52:00,0.004889,0.004906,0.004887,0.004905,6374609.02
2025-09-06 08:53:00,0.004905,0.004913,0.004899,0.004913,6007784.69
2025-09-06 08:54:00,0.004913,0.004932,0.004913,0.004931,4195062.21
2025-09-06 08:55:00,0.004931,0.004931,0.004928,0.004928,212456.13
2025-09-06 08:56:00,0.004928,0.004929,0.004926,0.004928,1000367.13
2025-09-06 08:57:00,0.004928,0.004963,0.004928,0.004958,712253.01
2025-09-06 08:58:00,0.004958,0.004971,0.004938,0.004957,9072934.08
2025-09-06 08:59:00,0.004957,0.004958,0.004937,0.004946,10139844.04
2025-09-06 09:00:00,0.004946,0.004947,0.004925,0.004931,1351245.3
2025-09-06 09:01:00,0.004931,0.004959,0.004931,0.004959,2316879.1
2025-09-06 09:02:00,0.004959,0.004961,0.004945,0.004945,3297020.35
2025-09-06 09:03:00,0.004945,0.004951,0.00492,0.00492,2175386.22
2025-09-06 09:04:00,0.00492,0.00492,0.004894,0.004894,2871325.05
2025-09-06 09:05:00,0.004894,0.004935,0.004894,0.004928,7151509.63
2025-09-06 09:06:00,0.004928,0.004933,0.004911,0.004911,927496.54
2025-09-06 09:07:00,0.004911,0.004923,0.004901,0.004914,24762644.24
2025-09-06 09:08:00,0.004914,0.004919,0.00491,0.004917,685185.9
2025-09-06 09:09:00,0.004917,0.004918,0.00491,0.004912,1212038.22
2025-09-06 09:10:00,0.004912,0.004914,0.004899,0.004901,1802463.22
2025-09-06 09:11:00,0.004901,0.004901,0.004893,0.004893,710593.07
2025-09-06 09:12:00,0.004893,0.004896,0.004887,0.004895,4639181.29
2025-09-06 09:13:00,0.004895,0.004935,0.004895,0.004932,12960363.37
2025-09-06 09:14:00,0.004932,0.004933,0.004909,0.004909,1659638.32
2025-09-06 09:15:00,0.004909,0.004929,0.004909,0.004924,5036830.21
2025-09-06 09:16:00,0.004924,0.004926,0.004911,0.004924,6677261.89
2025-09-06 09:17:00,0.004924,0.004942,0.004924,0.00493,4359670.96
2025-09-06 09:18:00,0.00493,0.004939,0.004927,0.004929,8552808.57
2025-09-06 09:19:00,0.004929,0.004929,0.00491,0.004912,5862323.93
2025-09-06 09:20:00,0.004912,0.004927,0.004911,0.004927,2349935.01
2025-09-06 09:21:00,0.004927,0.004932,0.004918,0.004924,1205661.48
2025-09-06 09:22:00,0.004924,0.004932,0.004921,0.004931,1228576.45
2025-09-06 09:23:00,0.004931,0.004941,0.004929,0.004933,2886006.65
2025-09-06 09:24:00,0.004933,0.004933,0.004918,0.004918,427522.16
2025-09-06 09:25:00,0.004918,0.004919,0.004907,0.004908,1400274.26
2025-09-06 09:26:00,0.004908,0.004908,0.004887,0.004887,3984642.44
2025-09-06 09:27:00,0.004887,0.004892,0.004882,0.004889,7338579.88
2025-09-06 09:28:00,0.004889,0.004894,0.004886,0.004892,2362189.31
2025-09-06 09:29:00,0.004892,0.004892,0.004866,0.004866,4825767.17
2025-09-06 09:30:00,0.004866,0.004886,0.004866,0.004882,1811973.87
2025-09-06 09:31:00,0.004882,0.00489,0.004882,0.004886,2151463.17
2025-09-06 09:32:00,0.004886,0.004887,0.004875,0.004883,5540919.79
2025-09-06 09:33:00,0.004883,0.004883,0.00486,0.004869,6485423.64
2025-09-06 09:34:00,0.004869,0.004874,0.004844,0.004844,5870883.94
2025-09-06 09:35:00,0.004844,0.004856,0.004844,0.00485,6531209.5
2025-09-06 09:36:00,0.00485,0.004852,0.004841,0.004848,3556914.04
2025-09-06 09:37:00,0.004848,0.004851,0.004842,0.004848,5140212.54
2025-09-06 09:38:00,0.004848,0.004855,0.004845,0.00485,6643818.08
2025-09-06 09:39:00,0.00485,0.00485,0.004842,0.004843,3250878.2
2025-09-06 09:40:00,0.004843,0.004848,0.004841,0.004841,4313234.42
2025-09-06 09:41:00,0.004841,0.004848,0.004841,0.004847,3125462.05
2025-09-06 09:42:00,0.004847,0.004868,0.004847,0.004864,4817492.03
2025-09-06 09:43:00,0.004864,0.004871,0.004862,0.004867,9170674.53
2025-09-06 09:44:00,0.004867,0.004869,0.004852,0.004852,4172459.8
2025-09-06 09:45:00,0.004852,0.004884,0.004851,0.004867,5227456.99
2025-09-06 09:46:00,0.004867,0.004867,0.004852,0.00486,3848340.51
2025-09-06 09:47:00,0.00486,0.004863,0.004849,0.004862,4366103.12
2025-09-06 09:48:00,0.004862,0.004881,0.004854,0.004871,5540427.09
2025-09-06 09:49:00,0.004871,0.004881,0.004867,0.004875,3084269.44
2025-09-06 09:50:00,0.004875,0.00489,0.004875,0.004889,3089500.42
2025-09-06 09:51:00,0.004889,0.004891,0.004882,0.004889,3441908.37
2025-09-06 09:52:00,0.004889,0.004891,0.00487,0.004876,13182369.33
2025-09-06 09:53:00,0.004876,0.004878,0.00486,0.004862,3235620.78
2025-09-06 09:54:00,0.004862,0.004884,0.004862,0.004879,6419821.79
2025-09-06 09:55:00,0.004879,0.004879,0.004866,0.004874,5871371.18
2025-09-06 09:56:00,0.004874,0.004874,0.004866,0.004869,3049388.53
2025-09-06 09:57:00,0.004869,0.004869,0.004831,0.004841,13293879.89
2025-09-06 09:58:00,0.004841,0.004855,0.004832,0.004851,9802893.01
2025-09-06 09:59:00,0.004851,0.004884,0.004841,0.004882,9318859.62
2025-09-06 10:00:00,0.004882,0.004884,0.004873,0.004874,4697652.75
2025-09-06 10:01:00,0.004874,0.004874,0.004863,0.004867,912476.67
2025-09-06 10:02:00,0.004867,0.004873,0.004841,0.004849,9338984.72
2025-09-06 10:03:00,0.004849,0.00485,0.004838,0.004838,7366886.28
2025-09-06 10:04:00,0.004838,0.004844,0.004836,0.004843,919855.71
2025-09-06 10:05:00,0.004843,0.004853,0.004842,0.004851,561773.93
2025-09-06 10:06:00,0.004851,0.004859,0.00485,0.004854,921228.15
2025-09-06 10:07:00,0.004854,0.004854,0.004851,0.004851,300382.7
2025-09-06 10:08:00,0.004851,0.004851,0.004847,0.004847,403670.39
2025-09-06 10:09:00,0.004847,0.004848,0.004843,0.004844,1024914.55
2025-09-06 10:10:00,0.004844,0.004849,0.004837,0.004845,1053671.22
2025-09-06 10:11:00,0.004845,0.004856,0.004843,0.004854,1903483.93
2025-09-06 10:12:00,0.004854,0.004855,0.004844,0.004851,2169071.59
2025-09-06 10:13:00,0.004851,0.004858,0.004843,0.004844,1557696.9
2025-09-06 10:14:00,0.004844,0.00485,0.004844,0.004849,657621.67
2025-09-06 10:15:00,0.004849,0.004859,0.004849,0.004858,2941843.0
2025-09-06 10:16:00,0.004858,0.004866,0.004856,0.004864,282270.76
2025-09-06 10:17:00,0.004864,0.004865,0.004844,0.004846,813150.58
2025-09-06 10:18:00,0.004846,0.00485,0.004841,0.004844,3976558.4
2025-09-06 10:19:00,0.004844,0.004844,0.004823,0.004824,1178093.37
2025-09-06 10:20:00,0.004824,0.004839,0.004823,0.004833,3601442.82
2025-09-06 10:21:00,0.004833,0.004841,0.004833,0.004838,884604.8
2025-09-06 10:22:00,0.004838,0.004845,0.004831,0.004841,8529648.99
2025-09-06 10:23:00,0.004841,0.004851,0.004837,0.004844,3029611.6
2025-09-06 10:24:00,0.004844,0.004893,0.004842,0.00489,22281196.34
2025-09-06 10:25:00,0.00489,0.004919,0.004884,0.0049,5148930.43
2025-09-06 10:26:00,0.0049,0.004917,0.00489,0.004913,1988712.13
2025-09-06 10:27:00,0.004913,0.004927,0.004902,0.004904,9828667.44
2025-09-06 10:28:00,0.004904,0.004918,0.004897,0.004903,10374749.07
2025-09-06 10:29:00,0.004903,0.004913,0.0049,0.004906,4042513.63
2025-09-06 10:30:00,0.004906,0.004909,0.004903,0.004903,728665.5
2025-09-06 10:31:00,0.004903,0.004906,0.004898,0.004902,1219851.72
2025-09-06 10:32:00,0.004902,0.004905,0.004895,0.004903,2513389.26
2025-09-06 10:33:00,0.004903,0.004922,0.004894,0.004921,8318418.44
2025-09-06 10:34:00,0.004921,0.004938,0.00492,0.004933,2894863.6
2025-09-06 10:35:00,0.004933,0.004935,0.004925,0.004934,1957943.86
2025-09-06 10:36:00,0.004934,0.004934,0.004896,0.004896,9433352.08
2025-09-06 10:37:00,0.004896,0.0049,0.004887,0.00489,2300795.94
2025-09-06 10:38:00,0.00489,0.004891,0.004886,0.004891,3462320.49
2025-09-06 10:39:00,0.004891,0.004898,0.004885,0.004885,8737749.13
2025-09-06 10:40:00,0.004885,0.004887,0.00488,0.004883,1160243.73
2025-09-06 10:41:00,0.004883,0.004883,0.00487,0.004871,1908572.88
2025-09-06 10:42:00,0.004871,0.004872,0.004862,0.004862,4138852.48
2025-09-06 10:43:00,0.004862,0.004863,0.004859,0.00486,446174.83
2025-09-06 10:44:00,0.00486,0.004864,0.004857,0.00486,1061664.26
2025-09-06 10:45:00,0.00486,0.004878,0.00486,0.004874,4022003.39
2025-09-06 10:46:00,0.004874,0.004879,0.00486,0.004862,1363896.46
2025-09-06 10:47:00,0.004862,0.004875,0.004862,0.004866,825006.86
2025-09-06 10:48:00,0.004866,0.004872,0.004864,0.00487,813532.42
2025-09-06 10:49:00,0.00487,0.004871,0.004858,0.004858,1053001.84
2025-09-06 10:50:00,0.004858,0.004859,0.004842,0.004846,3198204.76
2025-09-06 10:51:00,0.004846,0.004854,0.004842,0.004854,2540361.0
2025-09-06 10:52:00,0.004854,0.004871,0.004854,0.00487,2494461.13
2025-09-06 10:53:00,0.00487,0.004871,0.004855,0.00486,3287389.81
2025-09-06 10:54:00,0.00486,0.004863,0.004841,0.004841,2957212.09
2025-09-06 10:55:00,0.004841,0.004852,0.00484,0.004852,1159394.62
2025-09-06 10:56:00,0.004852,0.004861,0.004851,0.004859,1502617.18
2025-09-06 10:57:00,0.004859,0.00486,0.004855,0.00486,3538310.1
2025-09-06 10:58:00,0.00486,0.00486,0.004847,0.004847,4087676.53
2025-09-06 10:59:00,0.004847,0.004858,0.004847,0.004854,112053.44
2025-09-06 11:00:00,0.004854,0.004854,0.004847,0.00485,759555.09
2025-09-06 11:01:00,0.00485,0.004853,0.004844,0.004852,154665.4
2025-09-06 11:02:00,0.004852,0.004855,0.004846,0.004855,740616.22
2025-09-06 11:03:00,0.004855,0.004867,0.00485,0.004859,652145.83
2025-09-06 11:04:00,0.004859,0.004859,0.00485,0.00485,1675109.93
2025-09-06 11:05:00,0.00485,0.004852,0.004846,0.004846,608282.2
2025-09-06 11:06:00,0.004846,0.004846,0.004839,0.004844,346027.53
2025-09-06 11:07:00,0.004844,0.004852,0.004836,0.004849,2061822.73
2025-09-06 11:08:00,0.004849,0.004849,0.004837,0.004838,267043.0
2025-09-06 11:09:00,0.004838,0.004838,0.004829,0.004832,815278.62
2025-09-06 11:10:00,0.004832,0.004835,0.004832,0.004835,229981.15
2025-09-06 11:11:00,0.004835,0.004839,0.004834,0.004838,470562.61
2025-09-06 11:12:00,0.004838,0.004841,0.004837,0.004841,365102.94
2025-09-06 11:13:00,0.004841,0.004845,0.00484,0.004841,665118.8
2025-09-06 11:14:00,0.004841,0.004847,0.004835,0.004844,560555.25
2025-09-06 11:15:00,0.004844,0.00485,0.004844,0.00485,1131797.98
2025-09-06 11:16:00,0.00485,0.004856,0.004846,0.004846,560341.84
2025-09-06 11:17:00,0.004846,0.00486,0.004843,0.004854,1730301.13
2025-09-06 11:18:00,0.004854,0.00486,0.004852,0.004857,3018825.71
2025-09-06 11:19:00,0.004857,0.00486,0.004855,0.004858,70421.03
2025-09-06 11:20:00,0.004858,0.00487,0.004858,0.004867,3143181.69
2025-09-06 11:21:00,0.004867,0.004874,0.004863,0.004863,430630.41
2025-09-06 11:22:00,0.004863,0.004878,0.004863,0.004877,196493.02
2025-09-06 11:23:00,0.004877,0.004877,0.004865,0.004865,739705.09
2025-09-06 11:24:00,0.004865,0.004875,0.004865,0.004874,202544.05
2025-09-06 11:25:00,0.004874,0.004894,0.004874,0.00489,5542539.66
2025-09-06 11:26:00,0.00489,0.004902,0.00489,0.004896,2175984.09
2025-09-06 11:27:00,0.004896,0.004899,0.00489,0.004893,298536.27
2025-09-06 11:28:00,0.004893,0.004898,0.004885,0.004891,2643146.02
2025-09-06 11:29:00,0.004891,0.004895,0.004889,0.004894,1021767.42
2025-09-06 11:30:00,0.004894,0.004896,0.004879,0.004879,737659.93
2025-09-06 11:31:00,0.004879,0.004881,0.004868,0.004874,1380572.42
2025-09-06 11:32:00,0.004874,0.004874,0.004869,0.004873,755850.07
2025-09-06 11:33:00,0.004873,0.004873,0.004856,0.004868,324226.58
2025-09-06 11:34:00,0.004868,0.004883,0.004866,0.004881,15170517.12
2025-09-06 11:35:00,0.004881,0.004881,0.00487,0.004878,519110.53
2025-09-06 11:36:00,0.004878,0.00489,0.004875,0.00489,250416.33
2025-09-06 11:37:00,0.00489,0.004891,0.004887,0.004887,1611858.25
2025-09-06 11:38:00,0.004887,0.004892,0.004885,0.004888,1217150.63
2025-09-06 11:39:00,0.004888,0.004895,0.004887,0.004895,89162.8
2025-09-06 11:40:00,0.004895,0.004895,0.004874,0.004886,15784030.91
2025-09-06 11:41:00,0.004886,0.004888,0.004883,0.004885,345920.85
2025-09-06 11:42:00,0.004885,0.004893,0.004885,0.004888,1990079.31
2025-09-06 11:43:00,0.004888,0.004888,0.004845,0.004852,1499646.45
2025-09-06 11:44:00,0.004852,0.004872,0.004852,0.004856,2709936.79
2025-09-06 11:45:00,0.004856,0.004862,0.004855,0.004855,2432145.27
2025-09-06 11:46:00,0.004855,0.004858,0.004848,0.004858,495347.97
2025-09-06 11:47:00,0.004858,0.004859,0.004846,0.004848,266094.13
2025-09-06 11:48:00,0.004848,0.004856,0.004848,0.004853,1167682.43
2025-09-06 11:49:00,0.004853,0.004853,0.004844,0.004845,1356652.74
2025-09-06 11:50:00,0.004845,0.004845,0.004842,0.004844,808450.8
2025-09-06 11:51:00,0.004844,0.00485,0.004844,0.004846,70412.69
2025-09-06 11:52:00,0.004846,0.00485,0.004844,0.004844,152227.73
2025-09-06 11:53:00,0.004844,0.004847,0.00484,0.004842,3179762.78
2025-09-06 11:54:00,0.004842,0.004842,0.004836,0.004837,347715.24
2025-09-06 11:55:00,0.004837,0.004838,0.004834,0.004837,554174.09
2025-09-06 11:56:00,0.004837,0.004839,0.004835,0.004839,177050.36
2025-09-06 11:57:00,0.004839,0.004846,0.004839,0.004846,264525.52
2025-09-06 11:58:00,0.004846,0.004847,0.004842,0.004842,1971177.52
2025-09-06 11:59:00,0.004842,0.004855,0.004842,0.004848,391932.12
2025-09-06 12:00:00,0.004848,0.004859,0.004848,0.004858,56440.07
2025-09-06 12:01:00,0.004858,0.004858,0.004841,0.004841,1275642.61
2025-09-06 12:02:00,0.004841,0.004841,0.00483,0.004834,245424.2
2025-09-06 12:03:00,0.004834,0.004835,0.004831,0.004835,439457.11
2025-09-06 12:04:00,0.004835,0.004835,0.004831,0.004831,103459.15
2025-09-06 12:05:00,0.004831,0.004832,0.004831,0.004832,284527.47
2025-09-06 12:06:00,0.004832,0.004832,0.004831,0.004831,99149.56
2025-09-06 12:07:00,0.004831,0.004836,0.004831,0.004831,952601.23
2025-09-06 12:08:00,0.004831,0.004843,0.004831,0.004832,2598078.72
2025-09-06 12:09:00,0.004832,0.004833,0.004818,0.00482,2386877.85
2025-09-06 12:10:00,0.00482,0.004825,0.004812,0.004823,1496638.33
2025-09-06 12:11:00,0.004823,0.004827,0.004808,0.004814,17724720.2
2025-09-06 12:12:00,0.004814,0.004818,0.00479,0.004791,4565533.54
2025-09-06 12:13:00,0.004791,0.004795,0.004767,0.004786,14687025.43
2025-09-06 12:14:00,0.004786,0.004787,0.00478,0.00478,2913501.48
2025-09-06 12:15:00,0.00478,0.004798,0.00478,0.004797,1960166.26
2025-09-06 12:16:00,0.004797,0.004803,0.004794,0.004794,3366068.59
2025-09-06 12:17:00,0.004794,0.004796,0.004787,0.004787,1689062.86
2025-09-06 12:18:00,0.004787,0.004789,0.004784,0.004785,647502.83
2025-09-06 12:19:00,0.004785,0.00479,0.004785,0.004788,84206.49
2025-09-06 12:20:00,0.004788,0.004795,0.004788,0.004791,2050471.99
2025-09-06 12:21:00,0.004791,0.004793,0.004785,0.004789,833075.71
2025-09-06 12:22:00,0.004789,0.004802,0.004789,0.004802,928103.93
2025-09-06 12:23:00,0.004802,0.004802,0.0048,0.004801,154521.85
2025-09-06 12:24:00,0.004801,0.004802,0.004787,0.004787,1270570.8
2025-09-06 12:25:00,0.004787,0.004803,0.004787,0.004801,537480.96
2025-09-06 12:26:00,0.004801,0.004807,0.004798,0.004798,829013.62
2025-09-06 12:27:00,0.004798,0.0048,0.004794,0.004799,1169556.21
2025-09-06 12:28:00,0.004799,0.004802,0.004797,0.004801,358196.73
2025-09-06 12:29:00,0.004801,0.004815,0.004801,0.004805,1267366.72
2025-09-06 12:30:00,0.004805,0.004808,0.004798,0.004802,1060890.96
2025-09-06 12:31:00,0.004802,0.004813,0.004802,0.004812,586993.02
2025-09-06 12:32:00,0.004812,0.004812,0.00481,0.00481,241328.76
2025-09-06 12:33:00,0.00481,0.00481,0.004801,0.004801,295866.96
2025-09-06 12:34:00,0.004801,0.004804,0.004797,0.004803,1583333.54
2025-09-06 12:35:00,0.004803,0.004803,0.004801,0.004802,171628.75
2025-09-06 12:36:00,0.004802,0.004802,0.004788,0.00479,2359289.0
2025-09-06 12:37:00,0.00479,0.004791,0.004788,0.00479,637036.72
2025-09-06 12:38:00,0.00479,0.0048,0.00479,0.004798,474783.6
2025-09-06 12:39:00,0.004798,0.004803,0.004796,0.004797,94661.11
2025-09-06 12:40:00,0.004797,0.004801,0.004794,0.004794,1075273.4
2025-09-06 12:41:00,0.004794,0.004799,0.004794,0.004795,31697.05
2025-09-06 12:42:00,0.004795,0.004801,0.004792,0.0048,456704.23
2025-09-06 12:43:00,0.0048,0.0048,0.004796,0.004796,276776.65
2025-09-06 12:44:00,0.004796,0.004801,0.004796,0.004798,125166.6
2025-09-06 12:45:00,0.004798,0.004801,0.004796,0.004797,1163291.61
2025-09-06 12:46:00,0.004797,0.004797,0.004789,0.004789,1341918.72
2025-09-06 12:47:00,0.004789,0.004797,0.004789,0.004794,144294.98
2025-09-06 12:48:00,0.004794,0.004794,0.004778,0.00478,797556.93
2025-09-06 12:49:00,0.00478,0.004791,0.00478,0.004791,287616.58
2025-09-06 12:50:00,0.004791,0.004795,0.004789,0.004795,298109.71
2025-09-06 12:51:00,0.004795,0.004795,0.004784,0.004784,745538.97
2025-09-06 12:52:00,0.004784,0.00479,0.004783,0.004789,299768.13
2025-09-06 12:53:00,0.004789,0.004789,0.004783,0.004783,100362.14
2025-09-06 12:54:00,0.004783,0.004787,0.004778,0.004778,575592.5
2025-09-06 12:55:00,0.004778,0.004781,0.004759,0.004762,7239934.16
2025-09-06 12:56:00,0.004762,0.004766,0.00475,0.00476,825485.2
2025-09-06 12:57:00,0.00476,0.004761,0.004755,0.00476,652987.6
2025-09-06 12:58:00,0.00476,0.00476,0.004743,0.004745,2244484.19
2025-09-06 12:59:00,0.004745,0.00475,0.004744,0.004749,2872325.7
2025-09-06 13:00:00,0.004749,0.004754,0.004745,0.004747,2314224.14
2025-09-06 13:01:00,0.004747,0.004751,0.004741,0.004746,3627223.14
2025-09-06 13:02:00,0.004746,0.00475,0.004735,0.004735,7134630.12
2025-09-06 13:03:00,0.004735,0.004736,0.004708,0.004726,8794716.51
2025-09-06 13:04:00,0.004726,0.004729,0.004712,0.004717,8688794.5
2025-09-06 13:05:00,0.004717,0.004734,0.004715,0.00473,1785332.06
2025-09-06 13:06:00,0.00473,0.004737,0.004722,0.004734,2883938.61
2025-09-06 13:07:00,0.004734,0.004736,0.004727,0.004727,345846.28
2025-09-06 13:08:00,0.004727,0.004743,0.004727,0.004737,3618065.75
2025-09-06 13:09:00,0.004737,0.004743,0.004736,0.004738,2247975.29
2025-09-06 13:10:00,0.004738,0.004744,0.004734,0.004736,1712491.62
2025-09-06 13:11:00,0.004736,0.004746,0.004736,0.004742,1863709.74
2025-09-06 13:12:00,0.004742,0.004744,0.004738,0.004741,3198749.17
2025-09-06 13:13:00,0.004741,0.004747,0.004738,0.004739,1754130.34
2025-09-06 13:14:00,0.004739,0.004745,0.004737,0.00474,3060306.96
2025-09-06 13:15:00,0.00474,0.004741,0.004734,0.004736,927145.64
2025-09-06 13:16:00,0.004736,0.004737,0.004732,0.004734,421868.98
2025-09-06 13:17:00,0.004734,0.004734,0.00473,0.004731,12136718.74
2025-09-06 13:18:00,0.004731,0.004742,0.004731,0.004741,255219.74
2025-09-06 13:19:00,0.004741,0.004755,0.004741,0.004753,11761332.7
2025-09-06 13:20:00,0.004753,0.004755,0.004746,0.004746,1120638.16
2025-09-06 13:21:00,0.004746,0.004747,0.004739,0.004741,866124.32
2025-09-06 13:22:00,0.004741,0.00475,0.004739,0.004745,3798278.05
2025-09-06 13:23:00,0.004745,0.004747,0.00474,0.00474,539109.87
2025-09-06 13:24:00,0.00474,0.004741,0.004739,0.004739,93288.62
2025-09-06 13:25:00,0.004739,0.00474,0.004734,0.004737,513697.47
2025-09-06 13:26:00,0.004737,0.004737,0.004729,0.004732,2074282.07
2025-09-06 13:27:00,0.004732,0.004733,0.004727,0.004729,1211855.26
2025-09-06 13:28:00,0.004729,0.004744,0.004729,0.004744,775325.01
2025-09-06 13:29:00,0.004744,0.004745,0.00474,0.004744,373545.05
2025-09-06 13:30:00,0.004744,0.004747,0.004742,0.004742,460911.74
2025-09-06 13:31:00,0.004742,0.004747,0.004738,0.004745,2845933.34
2025-09-06 13:32:00,0.004745,0.004749,0.004745,0.004748,470528.28
2025-09-06 13:33:00,0.004748,0.004749,0.004742,0.004748,4405954.66
2025-09-06 13:34:00,0.004748,0.004749,0.004746,0.004748,751699.81
2025-09-06 13:35:00,0.004748,0.004748,0.004738,0.00474,169528.77
2025-09-06 13:36:00,0.00474,0.00474,0.004719,0.004721,2601071.86
2025-09-06 13:37:00,0.004721,0.004724,0.004717,0.004717,2329416.2
2025-09-06 13:38:00,0.004717,0.004718,0.004713,0.004714,1328259.72
2025-09-06 13:39:00,0.004714,0.004722,0.004713,0.004722,1199842.42
2025-09-06 13:40:00,0.004722,0.004724,0.004719,0.004721,891948.82
2025-09-06 13:41:00,0.004721,0.004721,0.004712,0.004712,2822705.39
2025-09-06 13:42:00,0.004712,0.004717,0.004706,0.004706,557735.09
2025-09-06 13:43:00,0.004706,0.00471,0.004689,0.00469,5356982.69
2025-09-06 13:44:00,0.00469,0.004694,0.004682,0.004689,3824286.26
2025-09-06 13:45:00,0.004689,0.004695,0.004684,0.004688,5099902.02
2025-09-06 13:46:00,0.004688,0.0047,0.004685,0.004696,2888056.19
2025-09-06 13:47:00,0.004696,0.004702,0.004696,0.004701,203530.77
2025-09-06 13:48:00,0.004701,0.004704,0.004701,0.004704,557817.46
2025-09-06 13:49:00,0.004704,0.004716,0.004702,0.004709,967477.13
2025-09-06 13:50:00,0.004709,0.004711,0.004707,0.004711,1375861.9
2025-09-06 13:51:00,0.004711,0.004716,0.004708,0.004711,1440289.03
2025-09-06 13:52:00,0.004711,0.004711,0.004699,0.004701,650300.2
2025-09-06 13:53:00,0.004701,0.004702,0.004692,0.004695,2579650.9
2025-09-06 13:54:00,0.004695,0.004703,0.004695,0.004696,1084916.99
2025-09-06 13:55:00,0.004696,0.004699,0.004686,0.004686,1800548.5
2025-09-06 13:56:00,0.004686,0.004691,0.004683,0.004686,1573036.9
2025-09-06 13:57:00,0.004686,0.004692,0.004685,0.004689,12541453.18
2025-09-06 13:58:00,0.004689,0.004691,0.004686,0.004686,505293.71
2025-09-06 13:59:00,0.004686,0.004691,0.004684,0.004688,4506169.88
2025-09-06 14:00:00,0.004688,0.004696,0.004687,0.004688,1252816.78
2025-09-06 14:01:00,0.004688,0.00469,0.004685,0.004687,784461.81
2025-09-06 14:02:00,0.004687,0.004694,0.004687,0.004693,435262.43
2025-09-06 14:03:00,0.004693,0.004696,0.004689,0.004689,1256976.2
2025-09-06 14:04:00,0.004689,0.004693,0.004683,0.004688,6395791.63
2025-09-06 14:05:00,0.004688,0.004702,0.004688,0.004702,3581386.06
2025-09-06 14:06:00,0.004702,0.004706,0.004688,0.004701,13548765.21
2025-09-06 14:07:00,0.004701,0.004705,0.004699,0.004701,343432.52
2025-09-06 14:08:00,0.004701,0.004703,0.004699,0.0047,1325401.73
2025-09-06 14:09:00,0.0047,0.004701,0.004697,0.0047,330658.94
2025-09-06 14:10:00,0.0047,0.004708,0.004699,0.004702,478910.52
2025-09-06 14:11:00,0.004702,0.004709,0.004701,0.004709,308590.5
2025-09-06 14:12:00,0.004709,0.004709,0.004702,0.004702,450324.41
2025-09-06 14:13:00,0.004702,0.004704,0.004701,0.004704,486147.13
2025-09-06 14:14:00,0.004704,0.004705,0.004701,0.004705,543370.82
2025-09-06 14:15:00,0.004705,0.004729,0.004705,0.004729,5159671.61
2025-09-06 14:16:00,0.004729,0.004729,0.004712,0.004714,7064355.14
2025-09-06 14:17:00,0.004714,0.004736,0.004714,0.004731,10971725.08
2025-09-06 14:18:00,0.004731,0.004739,0.004723,0.004735,15751552.42
2025-09-06 14:19:00,0.004735,0.00474,0.004731,0.004734,3486363.9
2025-09-06 14:20:00,0.004734,0.00474,0.004729,0.00474,610780.75
2025-09-06 14:21:00,0.00474,0.004742,0.004731,0.004731,5579594.71
2025-09-06 14:22:00,0.004731,0.004733,0.004725,0.004733,1509079.67
2025-09-06 14:23:00,0.004733,0.004736,0.004729,0.004732,1955544.51
2025-09-06 14:24:00,0.004732,0.004745,0.004732,0.004744,3009009.4
2025-09-06 14:25:00,0.004744,0.004755,0.004743,0.004744,6180001.41
2025-09-06 14:26:00,0.004744,0.004744,0.004739,0.00474,793412.77
2025-09-06 14:27:00,0.00474,0.004744,0.004735,0.004735,1637352.21
2025-09-06 14:28:00,0.004735,0.004749,0.004735,0.004747,2208523.44
2025-09-06 14:29:00,0.004747,0.004749,0.004745,0.004747,2848369.8
2025-09-06 14:30:00,0.004747,0.004753,0.004744,0.004753,5365383.39
2025-09-06 14:31:00,0.004753,0.004753,0.00474,0.00474,2157793.23
2025-09-06 14:32:00,0.00474,0.00474,0.00473,0.00473,868809.99
2025-09-06 14:33:00,0.00473,0.004731,0.00473,0.00473,188357.68
2025-09-06 14:34:00,0.00473,0.00474,0.004728,0.004738,2369292.61
2025-09-06 14:35:00,0.004738,0.004746,0.004738,0.004746,1514889.38
2025-09-06 14:36:00,0.004746,0.004751,0.004745,0.004751,2438810.67
2025-09-06 14:37:00,0.004751,0.004753,0.004745,0.004746,1410021.21
2025-09-06 14:38:00,0.004746,0.004755,0.004746,0.00475,2088049.93
2025-09-06 14:39:00,0.00475,0.00475,0.004736,0.004736,2425920.24
2025-09-06 14:40:00,0.004736,0.004737,0.004721,0.004724,1414605.9
2025-09-06 14:41:00,0.004724,0.004741,0.004722,0.004737,3405355.82
2025-09-06 14:42:00,0.004737,0.004742,0.004734,0.004734,1456841.39
2025-09-06 14:43:00,0.004734,0.004745,0.004733,0.004741,1812708.86
2025-09-06 14:44:00,0.004741,0.004743,0.004738,0.00474,685060.36
2025-09-06 14:45:00,0.00474,0.004754,0.00474,0.004754,5721168.96
2025-09-06 14:46:00,0.004754,0.004768,0.004753,0.004761,4508584.9
2025-09-06 14:47:00,0.004761,0.004761,0.004753,0.004755,938877.34
2025-09-06 14:48:00,0.004755,0.004762,0.004748,0.004749,7860443.78
2025-09-06 14:49:00,0.004749,0.00476,0.004748,0.004753,2223471.49
2025-09-06 14:50:00,0.004753,0.004753,0.004737,0.004742,2194668.43
2025-09-06 14:51:00,0.004742,0.004743,0.004737,0.004743,1799393.29
2025-09-06 14:52:00,0.004743,0.004761,0.004743,0.004752,5498268.89
2025-09-06 14:53:00,0.004752,0.004762,0.004751,0.004753,2518985.19
2025-09-06 14:54:00,0.004753,0.004753,0.004737,0.004744,9247794.54
2025-09-06 14:55:00,0.004744,0.004747,0.004742,0.004744,338391.28
2025-09-06 14:56:00,0.004744,0.004744,0.004734,0.004734,717858.63
2025-09-06 14:57:00,0.004734,0.004736,0.004732,0.004734,1061118.99
2025-09-06 14:58:00,0.004734,0.004738,0.004731,0.004733,532134.51
2025-09-06 14:59:00,0.004733,0.004733,0.00473,0.00473,5846996.5
2025-09-06 15:00:00,0.00473,0.004734,0.004729,0.004733,246755.77
2025-09-06 15:01:00,0.004733,0.004733,0.00473,0.004732,1340546.43
2025-09-06 15:02:00,0.004732,0.004737,0.004732,0.004737,2408308.86
2025-09-06 15:03:00,0.004737,0.004746,0.004737,0.004742,1890615.7
2025-09-06 15:04:00,0.004742,0.004742,0.004734,0.004734,452101.47
2025-09-06 15:05:00,0.004734,0.004735,0.004725,0.004725,647272.59
2025-09-06 15:06:00,0.004725,0.004731,0.004725,0.004729,1897038.1
2025-09-06 15:07:00,0.004729,0.004729,0.004718,0.00472,1009976.58
2025-09-06 15:08:00,0.00472,0.00472,0.004713,0.004714,1454715.31
2025-09-06 15:09:00,0.004714,0.004714,0.004653,0.004667,16501721.75
2025-09-06 15:10:00,0.004667,0.00467,0.004652,0.004659,7202722.2
2025-09-06 15:11:00,0.004659,0.00466,0.00465,0.004653,7798075.71
2025-09-06 15:12:00,0.004653,0.004657,0.004647,0.004652,4549890.75
2025-09-06 15:13:00,0.004652,0.004655,0.004641,0.004646,6841617.62
2025-09-06 15:14:00,0.004646,0.004648,0.004628,0.00463,19965272.07
2025-09-06 15:15:00,0.00463,0.004648,0.004629,0.004633,13927594.88
2025-09-06 15:16:00,0.004633,0.004639,0.004624,0.004638,7735168.36
2025-09-06 15:17:00,0.004638,0.00465,0.004636,0.004641,5142899.93
2025-09-06 15:18:00,0.004641,0.004657,0.004639,0.004656,11090758.26
2025-09-06 15:19:00,0.004656,0.004662,0.004647,0.004662,3234128.66
2025-09-06 15:20:00,0.004662,0.004662,0.00464,0.004646,13933958.72
2025-09-06 15:21:00,0.004646,0.004655,0.004643,0.004654,5762145.26
2025-09-06 15:22:00,0.004654,0.004664,0.004652,0.004663,7546554.3
2025-09-06 15:23:00,0.004663,0.004663,0.004652,0.004652,2027814.46
2025-09-06 15:24:00,0.004652,0.004654,0.004636,0.004646,2069916.26
2025-09-06 15:25:00,0.004646,0.004663,0.004646,0.004661,1857454.73
2025-09-06 15:26:00,0.004661,0.004668,0.004658,0.004668,2019293.39
2025-09-06 15:27:00,0.004668,0.004671,0.004664,0.004668,5525692.82
2025-09-06 15:28:00,0.004668,0.00467,0.004667,0.004668,912874.01
2025-09-06 15:29:00,0.004668,0.004668,0.004663,0.004665,2704195.04
2025-09-06 15:30:00,0.004665,0.004669,0.00466,0.004669,5421099.84
2025-09-06 15:31:00,0.004669,0.00467,0.00465,0.004653,3682342.4
2025-09-06 15:32:00,0.004653,0.004654,0.004645,0.004647,3102498.99
2025-09-06 15:33:00,0.004647,0.004651,0.004644,0.004649,2217190.9
2025-09-06 15:34:00,0.004649,0.00466,0.004649,0.004654,1210095.98
2025-09-06 15:35:00,0.004654,0.004654,0.004643,0.004644,1333702.93
2025-09-06 15:36:00,0.004644,0.004647,0.004643,0.004645,721313.06
2025-09-06 15:37:00,0.004645,0.004651,0.004645,0.004651,2230300.69
2025-09-06 15:38:00,0.004651,0.004653,0.00465,0.004652,888705.16
2025-09-06 15:39:00,0.004652,0.004665,0.004652,0.004665,2817099.46
2025-09-06 15:40:00,0.004665,0.004666,0.004644,0.004646,3433968.41
2025-09-06 15:41:00,0.004646,0.004647,0.004636,0.004639,7719418.19
2025-09-06 15:42:00,0.004639,0.004644,0.004635,0.004639,6105623.13
2025-09-06 15:43:00,0.004639,0.004655,0.004638,0.004643,4296637.74
2025-09-06 15:44:00,0.004643,0.004643,0.00462,0.004632,10808566.53
2025-09-06 15:45:00,0.004632,0.004633,0.004595,0.004603,11813624.53
2025-09-06 15:46:00,0.004603,0.00461,0.004598,0.004601,8655129.08
2025-09-06 15:47:00,0.004601,0.00461,0.004601,0.00461,8889968.32
2025-09-06 15:48:00,0.00461,0.00461,0.004599,0.004602,2379507.37
2025-09-06 15:49:00,0.004602,0.004611,0.0046,0.004608,1635867.76
2025-09-06 15:50:00,0.004608,0.004613,0.004602,0.004602,2325808.01
2025-09-06 15:51:00,0.004602,0.004602,0.004589,0.00459,4901698.74
2025-09-06 15:52:00,0.00459,0.004592,0.004583,0.004585,4032614.48
2025-09-06 15:53:00,0.004585,0.004588,0.004577,0.004584,9738511.5
2025-09-06 15:54:00,0.004584,0.004593,0.004582,0.004593,9700308.07
2025-09-06 15:55:00,0.004593,0.004598,0.004587,0.00459,10162172.59
2025-09-06 15:56:00,0.00459,0.00459,0.004582,0.004584,6003261.78
2025-09-06 15:57:00,0.004584,0.004584,0.004575,0.004578,4519272.17
2025-09-06 15:58:00,0.004578,0.004593,0.004574,0.004576,14312610.55
2025-09-06 15:59:00,0.004576,0.004581,0.004569,0.004571,1088308.12
2025-09-06 16:00:00,0.004571,0.004585,0.004571,0.00458,2358473.77
2025-09-06 16:01:00,0.00458,0.004588,0.004576,0.004585,1516877.28
2025-09-06 16:02:00,0.004585,0.004596,0.004583,0.00459,4674793.01
2025-09-06 16:03:00,0.00459,0.004606,0.00459,0.004596,3695631.17
2025-09-06 16:04:00,0.004596,0.004596,0.004581,0.004588,5480622.49
2025-09-06 16:05:00,0.004588,0.004594,0.004582,0.004591,1180294.42
2025-09-06 16:06:00,0.004591,0.004598,0.004591,0.004598,1551387.98
2025-09-06 16:07:00,0.004598,0.00461,0.004598,0.00461,2294351.05
2025-09-06 16:08:00,0.00461,0.00461,0.004604,0.004609,754361.67
2025-09-06 16:09:00,0.004609,0.004622,0.004608,0.004618,11128461.58
2025-09-06 16:10:00,0.004618,0.004618,0.004595,0.004595,1569556.68
2025-09-06 16:11:00,0.004595,0.004595,0.00458,0.004583,2261356.62
2025-09-06 16:12:00,0.004583,0.004588,0.004581,0.004587,1299985.1
2025-09-06 16:13:00,0.004587,0.004595,0.004585,0.004592,2441418.49
2025-09-06 16:14:00,0.004592,0.004592,0.004586,0.004587,782665.34
2025-09-06 16:15:00,0.004587,0.004589,0.004582,0.004582,219910.22
2025-09-06 16:16:00,0.004582,0.004597,0.004581,0.004589,5365652.61
2025-09-06 16:17:00,0.004589,0.004591,0.004575,0.004578,12222398.28
2025-09-06 16:18:00,0.004578,0.004578,0.004548,0.004551,29299777.44
2025-09-06 16:19:00,0.004551,0.004558,0.004549,0.004558,5739100.88
2025-09-06 16:20:00,0.004558,0.004567,0.004555,0.004558,1468636.97
2025-09-06 16:21:00,0.004558,0.004585,0.004557,0.004585,10886986.72
2025-09-06 16:22:00,0.004585,0.004604,0.004585,0.004604,4510318.46
2025-09-06 16:23:00,0.004604,0.004604,0.004583,0.004587,1265936.43
2025-09-06 16:24:00,0.004587,0.004587,0.004576,0.00458,2183860.77
2025-09-06 16:25:00,0.00458,0.004588,0.004577,0.004587,5581693.4
2025-09-06 16:26:00,0.004587,0.004587,0.00457,0.004577,2035858.65
2025-09-06 16:27:00,0.004577,0.00458,0.004568,0.004579,5821836.05
2025-09-06 16:28:00,0.004579,0.004589,0.004576,0.004579,727352.21
2025-09-06 16:29:00,0.004579,0.004581,0.004572,0.004576,1991397.58
2025-09-06 16:30:00,0.004576,0.004576,0.004561,0.004569,22015067.48
2025-09-06 16:31:00,0.004569,0.004578,0.004569,0.004575,1252676.21
2025-09-06 16:32:00,0.004575,0.004577,0.004563,0.004569,3763091.73
2025-09-06 16:33:00,0.004569,0.004572,0.004554,0.004556,3647112.85
2025-09-06 16:34:00,0.004556,0.00456,0.004548,0.004554,6471683.11
2025-09-06 16:35:00,0.004554,0.00456,0.004551,0.00456,4747279.58
2025-09-06 16:36:00,0.00456,0.004571,0.00456,0.004565,2412524.64
2025-09-06 16:37:00,0.004565,0.004568,0.004559,0.004562,1982715.21
2025-09-06 16:38:00,0.004562,0.004572,0.00456,0.004562,1383497.75
2025-09-06 16:39:00,0.004562,0.004578,0.004562,0.004576,5958932.04
2025-09-06 16:40:00,0.004576,0.004579,0.004567,0.004579,2466481.53
2025-09-06 16:41:00,0.004579,0.004604,0.004577,0.004604,7378083.14
2025-09-06 16:42:00,0.004604,0.00461,0.004592,0.004592,13694256.07
2025-09-06 16:43:00,0.004592,0.004592,0.004584,0.004586,2200343.81
2025-09-06 16:44:00,0.004586,0.004591,0.004585,0.004588,589063.72
2025-09-06 16:45:00,0.004588,0.004596,0.004583,0.004592,1935026.78
2025-09-06 16:46:00,0.004592,0.004603,0.004586,0.004603,3515013.69
2025-09-06 16:47:00,0.004603,0.004603,0.004591,0.004594,975326.06
2025-09-06 16:48:00,0.004594,0.004609,0.004586,0.004604,7546004.0
2025-09-06 16:49:00,0.004604,0.004604,0.004593,0.0046,2580844.63
2025-09-06 16:50:00,0.0046,0.00461,0.004593,0.004603,2730118.17
2025-09-06 16:51:00,0.004603,0.004608,0.0046,0.004607,1296767.52
2025-09-06 16:52:00,0.004607,0.004628,0.004607,0.004613,8925999.11
2025-09-06 16:53:00,0.004613,0.004622,0.004612,0.004621,1323914.02
2025-09-06 16:54:00,0.004621,0.004621,0.004608,0.004613,3392131.4
2025-09-06 16:55:00,0.004613,0.004623,0.00461,0.00461,3375431.27
2025-09-06 16:56:00,0.00461,0.004614,0.004598,0.004605,2199667.87
2025-09-06 16:57:00,0.004605,0.004606,0.004594,0.004596,765345.32
2025-09-06 16:58:00,0.004596,0.004609,0.004592,0.004599,2748247.86
2025-09-06 16:59:00,0.004599,0.004599,0.00458,0.004581,1825621.53
2025-09-06 17:00:00,0.004581,0.004607,0.00458,0.004602,10293153.12
2025-09-06 17:01:00,0.004602,0.004602,0.00459,0.004595,2211013.36
2025-09-06 17:02:00,0.004595,0.004606,0.004593,0.004596,330597.53
2025-09-06 17:03:00,0.004596,0.004602,0.004593,0.004597,403723.94
2025-09-06 17:04:00,0.004597,0.004601,0.004597,0.0046,1091655.34
2025-09-06 17:05:00,0.0046,0.00461,0.004596,0.004607,276375.36
2025-09-06 17:06:00,0.004607,0.00461,0.004601,0.004602,955932.62
2025-09-06 17:07:00,0.004602,0.004602,0.004589,0.004591,884937.98
2025-09-06 17:08:00,0.004591,0.004593,0.004588,0.004589,1264833.11
2025-09-06 17:09:00,0.004589,0.004598,0.004587,0.004597,2681467.97
2025-09-06 17:10:00,0.004597,0.0046,0.004596,0.004598,1020325.54
2025-09-06 17:11:00,0.004598,0.004599,0.004589,0.00459,728555.07
2025-09-06 17:12:00,0.00459,0.00461,0.00459,0.00461,3137875.24
2025-09-06 17:13:00,0.00461,0.004613,0.004605,0.004611,6869318.46
2025-09-06 17:14:00,0.004611,0.004614,0.004605,0.004606,854037.57
2025-09-06 17:15:00,0.004606,0.004608,0.004601,0.004602,606653.29
2025-09-06 17:16:00,0.004602,0.004615,0.004602,0.004609,457261.48
2025-09-06 17:17:00,0.004609,0.004622,0.004609,0.004622,793629.85
2025-09-06 17:18:00,0.004622,0.004623,0.004618,0.004622,957272.07
2025-09-06 17:19:00,0.004622,0.004623,0.004611,0.004611,1904194.96
2025-09-06 17:20:00,0.004611,0.004611,0.004606,0.004607,39069.57
2025-09-06 17:21:00,0.004607,0.004609,0.004603,0.004607,800356.75
2025-09-06 17:22:00,0.004607,0.004609,0.004605,0.004607,291874.96
2025-09-06 17:23:00,0.004607,0.004607,0.004596,0.004598,507373.54
2025-09-06 17:24:00,0.004598,0.0046,0.00459,0.004592,1460934.09
2025-09-06 17:25:00,0.004592,0.004593,0.004579,0.00458,2583657.01
2025-09-06 17:26:00,0.00458,0.004587,0.00458,0.004584,1372553.15
2025-09-06 17:27:00,0.004584,0.00459,0.004583,0.004585,1525278.23
2025-09-06 17:28:00,0.004585,0.004586,0.004583,0.004584,750499.95
2025-09-06 17:29:00,0.004584,0.004588,0.004581,0.004588,655363.79
2025-09-06 17:30:00,0.004588,0.004601,0.004588,0.004597,2349516.35
2025-09-06 17:31:00,0.004597,0.004613,0.004597,0.004609,948924.47
2025-09-06 17:32:00,0.004609,0.004609,0.004602,0.004603,1099955.72
2025-09-06 17:33:00,0.004603,0.004605,0.004601,0.004605,273546.6
2025-09-06 17:34:00,0.004605,0.004608,0.004604,0.004607,178923.73
2025-09-06 17:35:00,0.004607,0.004614,0.004607,0.004608,835923.73
2025-09-06 17:36:00,0.004608,0.004612,0.004601,0.004601,852602.24
2025-09-06 17:37:00,0.004601,0.00461,0.004601,0.004609,2077887.22
2025-09-06 17:38:00,0.004609,0.004609,0.004588,0.004591,2110220.11
2025-09-06 17:39:00,0.004591,0.004594,0.004585,0.004586,1941492.58
2025-09-06 17:40:00,0.004586,0.004589,0.004578,0.004581,1447983.89
2025-09-06 17:41:00,0.004581,0.004587,0.004574,0.004587,8654895.99
2025-09-06 17:42:00,0.004587,0.004588,0.00458,0.004588,974981.38
2025-09-06 17:43:00,0.004588,0.004591,0.004583,0.004589,1995526.88
2025-09-06 17:44:00,0.004589,0.004589,0.004582,0.004584,465277.37
2025-09-06 17:45:00,0.004584,0.004584,0.004576,0.004577,1695389.57
2025-09-06 17:46:00,0.004577,0.004579,0.004572,0.004576,1453439.19
2025-09-06 17:47:00,0.004576,0.004576,0.00457,0.004575,754000.41
2025-09-06 17:48:00,0.004575,0.004581,0.004574,0.004579,723078.97
2025-09-06 17:49:00,0.004579,0.004582,0.004576,0.004582,173896.66
2025-09-06 17:50:00,0.004582,0.004585,0.00458,0.004581,794489.23
2025-09-06 17:51:00,0.004581,0.004581,0.004566,0.004571,631223.16
2025-09-06 17:52:00,0.004571,0.004572,0.004558,0.004564,1289210.24
2025-09-06 17:53:00,0.004564,0.004575,0.004564,0.004574,1462123.12
2025-09-06 17:54:00,0.004574,0.004578,0.004572,0.004573,833107.6
2025-09-06 17:55:00,0.004573,0.004579,0.004572,0.004578,1112264.55
2025-09-06 17:56:00,0.004578,0.004579,0.004557,0.004565,6778896.73
2025-09-06 17:57:00,0.004565,0.004565,0.004547,0.004549,14695138.58
2025-09-06 17:58:00,0.004549,0.004556,0.004542,0.004548,10961305.45
2025-09-06 17:59:00,0.004548,0.004551,0.004544,0.004546,2097128.91
2025-09-06 18:00:00,0.004546,0.004552,0.004541,0.004543,2425101.25
2025-09-06 18:01:00,0.004543,0.004544,0.004539,0.004541,4236762.63
2025-09-06 18:02:00,0.004541,0.00455,0.00454,0.004548,19437020.21
2025-09-06 18:03:00,0.004548,0.004555,0.004546,0.004552,1607285.26
2025-09-06 18:04:00,0.004552,0.004558,0.00455,0.004557,703664.35
2025-09-06 18:05:00,0.004557,0.004571,0.004554,0.004564,2321264.48
2025-09-06 18:06:00,0.004564,0.004568,0.004563,0.004565,2299485.07
2025-09-06 18:07:00,0.004565,0.00457,0.004565,0.00457,1625522.73
2025-09-06 18:08:00,0.00457,0.004574,0.004568,0.00457,920972.14
2025-09-06 18:09:00,0.00457,0.004582,0.00457,0.004581,1518222.58
2025-09-06 18:10:00,0.004581,0.004581,0.004575,0.004579,267549.95
2025-09-06 18:11:00,0.004579,0.004584,0.004575,0.004583,2111072.97
2025-09-06 18:12:00,0.004583,0.004609,0.004583,0.004604,5099887.68
2025-09-06 18:13:00,0.004604,0.004609,0.004598,0.004602,3489984.46
2025-09-06 18:14:00,0.004602,0.004603,0.004592,0.004599,1377526.22
2025-09-06 18:15:00,0.004599,0.004601,0.004592,0.004595,938294.15
2025-09-06 18:16:00,0.004595,0.004597,0.004593,0.004593,204576.69
2025-09-06 18:17:00,0.004593,0.004595,0.004587,0.004593,130461.87
2025-09-06 18:18:00,0.004593,0.004596,0.004588,0.004589,300029.7
2025-09-06 18:19:00,0.004589,0.004597,0.004589,0.004597,199245.36
2025-09-06 18:20:00,0.004597,0.004598,0.004592,0.004597,1291619.95
2025-09-06 18:21:00,0.004597,0.004597,0.004591,0.004594,1043336.77
2025-09-06 18:22:00,0.004594,0.004603,0.00459,0.004603,634094.51
2025-09-06 18:23:00,0.004603,0.004603,0.004598,0.004602,161347.33
2025-09-06 18:24:00,0.004602,0.004602,0.004596,0.004596,438604.0
2025-09-06 18:25:00,0.004596,0.004597,0.004584,0.004584,1340781.02
2025-09-06 18:26:00,0.004584,0.004593,0.004584,0.00459,237587.01
2025-09-06 18:27:00,0.00459,0.004596,0.004587,0.004587,1042427.9
2025-09-06 18:28:00,0.004587,0.004587,0.004581,0.004584,190287.85
2025-09-06 18:29:00,0.004584,0.004593,0.004584,0.004585,324348.89
2025-09-06 18:30:00,0.004585,0.004587,0.004581,0.004581,2853363.47
2025-09-06 18:31:00,0.004581,0.004581,0.00457,0.004571,748038.44
2025-09-06 18:32:00,0.004571,0.004572,0.004558,0.00456,2776489.92
2025-09-06 18:33:00,0.00456,0.004565,0.00456,0.004563,3373442.47
2025-09-06 18:34:00,0.004563,0.004565,0.004561,0.004562,2342142.41
2025-09-06 18:35:00,0.004562,0.004565,0.004559,0.004563,2872597.0
2025-09-06 18:36:00,0.004563,0.004566,0.004555,0.004556,2633436.58
2025-09-06 18:37:00,0.004556,0.004563,0.004555,0.004557,1716393.49
2025-09-06 18:38:00,0.004557,0.00457,0.004556,0.004565,1851548.03
2025-09-06 18:39:00,0.004565,0.00457,0.004559,0.004567,2202598.76
2025-09-06 18:40:00,0.004567,0.004572,0.004564,0.004567,1053364.47
2025-09-06 18:41:00,0.004567,0.004567,0.00456,0.004561,1885260.11
2025-09-06 18:42:00,0.004561,0.004572,0.004556,0.004565,8983312.23
2025-09-06 18:43:00,0.004565,0.004565,0.004558,0.004558,2368776.43
2025-09-06 18:44:00,0.004558,0.004561,0.004538,0.00454,25598539.95
2025-09-06 18:45:00,0.00454,0.004541,0.004523,0.004524,5376967.85
2025-09-06 18:46:00,0.004524,0.004534,0.004512,0.004512,4728680.3
2025-09-06 18:47:00,0.004512,0.004521,0.004508,0.004521,4161984.79
2025-09-06 18:48:00,0.004521,0.004544,0.004521,0.004544,2438165.87
2025-09-06 18:49:00,0.004544,0.004545,0.004538,0.004544,1616963.85
2025-09-06 18:50:00,0.004544,0.004553,0.00454,0.00455,1655047.03
2025-09-06 18:51:00,0.00455,0.00455,0.004538,0.004542,2080460.26
2025-09-06 18:52:00,0.004542,0.004545,0.00453,0.004533,4813189.64
2025-09-06 18:53:00,0.004533,0.00455,0.004533,0.00455,2369152.92
2025-09-06 18:54:00,0.00455,0.00455,0.004532,0.004533,1166121.03
2025-09-06 18:55:00,0.004533,0.004536,0.004521,0.004521,5676738.21
2025-09-06 18:56:00,0.004521,0.00453,0.004521,0.004525,2301578.43
2025-09-06 18:57:00,0.004525,0.004532,0.004518,0.004521,2465378.52
2025-09-06 18:58:00,0.004521,0.004535,0.004518,0.004522,1953316.97
2025-09-06 18:59:00,0.004522,0.004531,0.004517,0.004517,4166876.88
2025-09-06 19:00:00,0.004517,0.004527,0.004517,0.004526,3863851.38
2025-09-06 19:01:00,0.004526,0.004536,0.004521,0.004535,3687696.8
2025-09-06 19:02:00,0.004535,0.004536,0.004528,0.004533,1803045.5
2025-09-06 19:03:00,0.004533,0.004535,0.004528,0.004534,994749.32
2025-09-06 19:04:00,0.004534,0.00454,0.004531,0.004536,2798462.05
2025-09-06 19:05:00,0.004536,0.004541,0.004536,0.004536,1177907.83
2025-09-06 19:06:00,0.004536,0.004537,0.004532,0.004532,367057.8
2025-09-06 19:07:00,0.004532,0.004538,0.004531,0.004536,1562084.77
2025-09-06 19:08:00,0.004536,0.004545,0.004535,0.004543,1718106.27
2025-09-06 19:09:00,0.004543,0.004545,0.004537,0.004538,684457.14
2025-09-06 19:10:00,0.004538,0.004544,0.004538,0.004542,2154342.07
2025-09-06 19:11:00,0.004542,0.004544,0.004538,0.004544,931739.09
2025-09-06 19:12:00,0.004544,0.004544,0.004537,0.004537,3013454.17
2025-09-06 19:13:00,0.004537,0.00454,0.004536,0.004536,3243097.0
2025-09-06 19:14:00,0.004536,0.004536,0.004516,0.00453,5076260.95
2025-09-06 19:15:00,0.00453,0.00453,0.004519,0.004519,311929.12
2025-09-06 19:16:00,0.004519,0.004524,0.004518,0.004524,2329561.85
2025-09-06 19:17:00,0.004524,0.004524,0.004508,0.004515,1568870.75
2025-09-06 19:18:00,0.004515,0.004515,0.004502,0.00451,8861720.55
2025-09-06 19:19:00,0.00451,0.004513,0.004507,0.004513,1214386.48
2025-09-06 19:20:00,0.004513,0.004526,0.004513,0.004521,5271945.14
2025-09-06 19:21:00,0.004521,0.004521,0.004514,0.004521,1829629.58
2025-09-06 19:22:00,0.004521,0.004521,0.004506,0.004518,1188715.43
2025-09-06 19:23:00,0.004518,0.004523,0.004518,0.004518,1111894.88
2025-09-06 19:24:00,0.004518,0.004521,0.004518,0.00452,786723.46
2025-09-06 19:25:00,0.00452,0.004524,0.004519,0.004522,1516434.23
2025-09-06 19:26:00,0.004522,0.004524,0.004516,0.004516,6590064.19
2025-09-06 19:27:00,0.004516,0.00452,0.004513,0.004513,3479808.3
2025-09-06 19:28:00,0.004513,0.004513,0.004506,0.004507,1889121.85
2025-09-06 19:29:00,0.004507,0.004511,0.004505,0.004508,2719280.34
2025-09-06 19:30:00,0.004508,0.004513,0.004506,0.00451,1472225.32
2025-09-06 19:31:00,0.00451,0.004513,0.00451,0.004513,805468.66
2025-09-06 19:32:00,0.004513,0.004518,0.004504,0.004508,1080433.71
2025-09-06 19:33:00,0.004508,0.004508,0.004506,0.004508,70243.79
2025-09-06 19:34:00,0.004508,0.004515,0.004508,0.004515,1090184.21
2025-09-06 19:35:00,0.004515,0.004522,0.004513,0.004518,880459.54
2025-09-06 19:36:00,0.004518,0.004526,0.004516,0.004523,1024120.91
2025-09-06 19:37:00,0.004523,0.004524,0.00452,0.004522,205328.57
2025-09-06 19:38:00,0.004522,0.004524,0.004519,0.00452,777410.14
2025-09-06 19:39:00,0.00452,0.004525,0.004519,0.004521,129012.74
2025-09-06 19:40:00,0.004521,0.004524,0.004515,0.004517,1794563.7
2025-09-06 19:41:00,0.004517,0.004523,0.004514,0.004514,2306211.87
2025-09-06 19:42:00,0.004514,0.004519,0.004493,0.004496,25701949.31
2025-09-06 19:43:00,0.004496,0.004496,0.00449,0.004495,3070478.35
2025-09-06 19:44:00,0.004495,0.004496,0.004472,0.004486,9647558.79
2025-09-06 19:45:00,0.004486,0.00449,0.00448,0.004481,1066425.42
2025-09-06 19:46:00,0.004481,0.004484,0.004469,0.004475,1879896.74
2025-09-06 19:47:00,0.004475,0.004486,0.004475,0.004482,1347268.1
2025-09-06 19:48:00,0.004482,0.0045,0.004481,0.004487,5081105.92
2025-09-06 19:49:00,0.004487,0.004494,0.004487,0.004494,2185563.8
2025-09-06 19:50:00,0.004494,0.004498,0.00449,0.004494,5843307.93
2025-09-06 19:51:00,0.004494,0.0045,0.004493,0.004496,3469818.51
2025-09-06 19:52:00,0.004496,0.004497,0.004487,0.004493,722272.95
2025-09-06 19:53:00,0.004493,0.004493,0.004486,0.004487,2780173.04
2025-09-06 19:54:00,0.004487,0.004497,0.004487,0.004494,705080.65
2025-09-06 19:55:00,0.004494,0.004496,0.004488,0.004493,821538.53
2025-09-06 19:56:00,0.004493,0.0045,0.004492,0.004495,1311901.85
2025-09-06 19:57:00,0.004495,0.0045,0.004493,0.004499,1393679.83
2025-09-06 19:58:00,0.004499,0.004499,0.004493,0.004494,1440180.43
2025-09-06 19:59:00,0.004494,0.004505,0.004493,0.004505,2635876.58
2025-09-06 20:00:00,0.004505,0.004512,0.004498,0.004502,1207835.78
2025-09-06 20:01:00,0.004502,0.00451,0.004501,0.004509,1286210.59
2025-09-06 20:02:00,0.004509,0.004515,0.004506,0.004509,883563.32
2025-09-06 20:03:00,0.004509,0.004512,0.004503,0.004504,452805.23
2025-09-06 20:04:00,0.004504,0.004515,0.004504,0.004512,1986849.73
2025-09-06 20:05:00,0.004512,0.004519,0.00451,0.004514,1166849.35
2025-09-06 20:06:00,0.004514,0.004514,0.004505,0.004512,6767331.24
2025-09-06 20:07:00,0.004512,0.004513,0.004508,0.004511,269202.5
2025-09-06 20:08:00,0.004511,0.004518,0.004504,0.004516,434143.16
2025-09-06 20:09:00,0.004516,0.004522,0.004505,0.004508,554022.03
2025-09-06 20:10:00,0.004508,0.004509,0.004499,0.004505,454316.3
2025-09-06 20:11:00,0.004505,0.004519,0.004504,0.004519,889986.01
2025-09-06 20:12:00,0.004519,0.004522,0.004508,0.004508,1869827.21
2025-09-06 20:13:00,0.004508,0.004533,0.004508,0.004532,16663343.44
2025-09-06 20:14:00,0.004532,0.004535,0.004527,0.004535,2619816.66
2025-09-06 20:15:00,0.004535,0.004553,0.004535,0.004549,3505803.11
2025-09-06 20:16:00,0.004549,0.004552,0.004541,0.004546,8063473.82
2025-09-06 20:17:00,0.004546,0.004552,0.004543,0.004543,4221485.98
2025-09-06 20:18:00,0.004543,0.004559,0.004543,0.004558,3834341.85
2025-09-06 20:19:00,0.004558,0.004565,0.004557,0.004563,5093647.75
2025-09-06 20:20:00,0.004563,0.004565,0.004527,0.004529,5595524.61
2025-09-06 20:21:00,0.004529,0.004553,0.004527,0.004552,6875985.25
2025-09-06 20:22:00,0.004552,0.004552,0.004545,0.004548,4643573.82
2025-09-06 20:23:00,0.004548,0.004549,0.004537,0.004537,1676131.28
2025-09-06 20:24:00,0.004537,0.004538,0.004527,0.004536,2026161.53
2025-09-06 20:25:00,0.004536,0.00454,0.004534,0.004535,1240001.95
2025-09-06 20:26:00,0.004535,0.004536,0.004529,0.004531,1185950.43
2025-09-06 20:27:00,0.004531,0.004531,0.004506,0.004516,6653578.69
2025-09-06 20:28:00,0.004516,0.00454,0.004514,0.004533,11205954.72
2025-09-06 20:29:00,0.004533,0.004533,0.004521,0.004524,769229.11
2025-09-06 20:30:00,0.004524,0.004524,0.00452,0.00452,662763.76
2025-09-06 20:31:00,0.00452,0.004538,0.00452,0.004535,1294081.75
2025-09-06 20:32:00,0.004535,0.004537,0.004529,0.004529,711817.49
2025-09-06 20:33:00,0.004529,0.004537,0.004527,0.004533,730365.65
2025-09-06 20:34:00,0.004533,0.004534,0.00453,0.004531,1383531.29
2025-09-06 20:35:00,0.004531,0.004531,0.00452,0.004522,1087999.82
2025-09-06 20:36:00,0.004522,0.004523,0.004521,0.004522,287547.16
2025-09-06 20:37:00,0.004522,0.004532,0.004522,0.004527,1126081.17
2025-09-06 20:38:00,0.004527,0.004528,0.004522,0.004528,2062741.16
2025-09-06 20:39:00,0.004528,0.004528,0.004521,0.004521,1029827.76
2025-09-06 20:40:00,0.004521,0.004523,0.00452,0.004522,493101.63
2025-09-06 20:41:00,0.004522,0.004527,0.004518,0.00452,475175.16
2025-09-06 20:42:00,0.00452,0.004521,0.004514,0.004514,4052939.98
2025-09-06 20:43:00,0.004514,0.004522,0.004514,0.004522,16750951.68
2025-09-06 20:44:00,0.004522,0.004522,0.004516,0.004517,283381.98
2025-09-06 20:45:00,0.004517,0.004522,0.004516,0.004521,1949834.92
2025-09-06 20:46:00,0.004521,0.004528,0.004519,0.004525,2389969.47
2025-09-06 20:47:00,0.004525,0.004531,0.004523,0.004531,1659894.15
2025-09-06 20:48:00,0.004531,0.004531,0.004524,0.004526,746726.29
2025-09-06 20:49:00,0.004526,0.004531,0.004526,0.004529,926673.1
2025-09-06 20:50:00,0.004529,0.00453,0.004527,0.004528,283599.47
2025-09-06 20:51:00,0.004528,0.004538,0.004528,0.004538,1498942.0
2025-09-06 20:52:00,0.004538,0.004541,0.004534,0.004541,723755.66
2025-09-06 20:53:00,0.004541,0.004542,0.004537,0.004537,316428.98
2025-09-06 20:54:00,0.004537,0.004538,0.004533,0.004534,654320.74
2025-09-06 20:55:00,0.004534,0.00454,0.004534,0.00454,174192.04
2025-09-06 20:56:00,0.00454,0.004541,0.004536,0.004539,288165.91
2025-09-06 20:57:00,0.004539,0.004554,0.004539,0.004548,2939554.21
2025-09-06 20:58:00,0.004548,0.004559,0.004546,0.004554,2269046.96
2025-09-06 20:59:00,0.004554,0.004556,0.004552,0.004555,1031018.41
2025-09-06 21:00:00,0.004555,0.004557,0.004552,0.004557,2414662.17
2025-09-06 21:01:00,0.004557,0.004557,0.004552,0.004554,4673190.07
2025-09-06 21:02:00,0.004554,0.004559,0.00455,0.004551,4772937.1
2025-09-06 21:03:00,0.004551,0.004558,0.004551,0.004555,6104802.27
2025-09-06 21:04:00,0.004555,0.004555,0.004548,0.004549,937285.82
2025-09-06 21:05:00,0.004549,0.004549,0.004542,0.004544,1822620.54
2025-09-06 21:06:00,0.004544,0.004547,0.004544,0.004547,157283.3
2025-09-06 21:07:00,0.004547,0.004553,0.004547,0.00455,3080228.15
2025-09-06 21:08:00,0.00455,0.004552,0.00455,0.00455,644931.5
2025-09-06 21:09:00,0.00455,0.004551,0.004546,0.004547,617595.71
2025-09-06 21:10:00,0.004547,0.004554,0.004546,0.004554,1450970.0
2025-09-06 21:11:00,0.004554,0.004554,0.004549,0.004549,874882.12
2025-09-06 21:12:00,0.004549,0.00455,0.004547,0.004547,51878.84
2025-09-06 21:13:00,0.004547,0.004549,0.004546,0.004546,1897761.56
2025-09-06 21:14:00,0.004546,0.004553,0.004546,0.004553,3976012.3
2025-09-06 21:15:00,0.004553,0.004553,0.004548,0.004548,298732.01
2025-09-06 21:16:00,0.004548,0.004548,0.004537,0.004537,1350577.32
2025-09-06 21:17:00,0.004537,0.004538,0.004532,0.004532,795670.04
2025-09-06 21:18:00,0.004532,0.004538,0.004532,0.004538,2343743.76
2025-09-06 21:19:00,0.004538,0.004538,0.004535,0.004535,540056.21
2025-09-06 21:20:00,0.004535,0.004536,0.004535,0.004536,44187.75
2025-09-06 21:21:00,0.004536,0.004536,0.004528,0.004529,1391317.63
2025-09-06 21:22:00,0.004529,0.004536,0.004528,0.004535,1157198.85
2025-09-06 21:23:00,0.004535,0.004536,0.004531,0.004532,182013.52
2025-09-06 21:24:00,0.004532,0.004534,0.004531,0.004531,23187.99
2025-09-06 21:25:00,0.004531,0.004531,0.004531,0.004531,133760.08
2025-09-06 21:26:00,0.004531,0.004533,0.00453,0.00453,68124.05
2025-09-06 21:27:00,0.00453,0.004531,0.004529,0.004531,43616.66
2025-09-06 21:28:00,0.004531,0.004542,0.00453,0.004532,1422522.05
2025-09-06 21:29:00,0.004532,0.004532,0.004529,0.004529,31637.82
2025-09-06 21:30:00,0.004529,0.00453,0.004529,0.004529,103710.74
2025-09-06 21:31:00,0.004529,0.00453,0.004528,0.004529,147570.92
2025-09-06 21:32:00,0.004529,0.004532,0.004528,0.00453,187031.16
2025-09-06 21:33:00,0.00453,0.00453,0.004526,0.004526,2166946.88
2025-09-06 21:34:00,0.004526,0.004538,0.004525,0.004534,731612.37
2025-09-06 21:35:00,0.004534,0.004536,0.004534,0.004535,248745.36
2025-09-06 21:36:00,0.004535,0.004536,0.004533,0.004533,346988.55
2025-09-06 21:37:00,0.004533,0.004533,0.004531,0.004532,906355.93
2025-09-06 21:38:00,0.004532,0.004534,0.00453,0.00453,207616.5
2025-09-06 21:39:00,0.00453,0.004533,0.004528,0.004531,646806.63
2025-09-06 21:40:00,0.004531,0.004531,0.004526,0.004527,1154442.65
2025-09-06 21:41:00,0.004527,0.00453,0.004527,0.004528,664851.95
2025-09-06 21:42:00,0.004528,0.004529,0.004527,0.004527,419366.42
2025-09-06 21:43:00,0.004527,0.004529,0.004525,0.004529,184041.1
2025-09-06 21:44:00,0.004529,0.00453,0.004527,0.004529,763800.81
2025-09-06 21:45:00,0.004529,0.004532,0.004528,0.004532,557880.51
2025-09-06 21:46:00,0.004532,0.004546,0.004529,0.004538,1073560.14
2025-09-06 21:47:00,0.004538,0.004541,0.004538,0.004539,324165.72
2025-09-06 21:48:00,0.004539,0.004541,0.004538,0.004538,556402.25
2025-09-06 21:49:00,0.004538,0.00454,0.004536,0.00454,2939975.98
2025-09-06 21:50:00,0.00454,0.004547,0.004538,0.004547,769956.37
2025-09-06 21:51:00,0.004547,0.004548,0.004544,0.004548,38911.03
2025-09-06 21:52:00,0.004548,0.004551,0.004544,0.004546,496903.97
2025-09-06 21:53:00,0.004546,0.004557,0.004546,0.004557,197870.28
2025-09-06 21:54:00,0.004557,0.004557,0.004545,0.004547,3147543.03
2025-09-06 21:55:00,0.004547,0.004547,0.004544,0.004544,808126.31
2025-09-06 21:56:00,0.004544,0.004544,0.004539,0.004539,542418.31
2025-09-06 21:57:00,0.004539,0.004552,0.004539,0.004552,2664081.06
2025-09-06 21:58:00,0.004552,0.004555,0.004546,0.00455,579448.95
2025-09-06 21:59:00,0.00455,0.00455,0.004545,0.004547,977961.0
2025-09-06 22:00:00,0.004547,0.004558,0.004545,0.004557,1169392.21
2025-09-06 22:01:00,0.004557,0.004564,0.004557,0.004561,3451706.49
2025-09-06 22:02:00,0.004561,0.004571,0.004561,0.004563,4343991.84
2025-09-06 22:03:00,0.004563,0.004565,0.004563,0.004564,385356.42
2025-09-06 22:04:00,0.004564,0.004574,0.004562,0.004574,1215100.9
2025-09-06 22:05:00,0.004574,0.004577,0.004568,0.004572,3022013.63
2025-09-06 22:06:00,0.004572,0.004574,0.004567,0.004569,1259631.67
2025-09-06 22:07:00,0.004569,0.004569,0.004563,0.004565,1051471.82
2025-09-06 22:08:00,0.004565,0.004565,0.004549,0.004552,485507.57
2025-09-06 22:09:00,0.004552,0.004552,0.004542,0.004544,1134891.93
2025-09-06 22:10:00,0.004544,0.004544,0.004539,0.004543,394964.54
2025-09-06 22:11:00,0.004543,0.004543,0.004538,0.004539,3723612.56
2025-09-06 22:12:00,0.004539,0.004544,0.004539,0.004542,162031.92
2025-09-06 22:13:00,0.004542,0.004544,0.004538,0.004539,90659.22
2025-09-06 22:14:00,0.004539,0.00454,0.004536,0.004538,174572.87
2025-09-06 22:15:00,0.004538,0.004543,0.004536,0.004543,1884822.06
2025-09-06 22:16:00,0.004543,0.004543,0.004541,0.004543,514596.13
2025-09-06 22:17:00,0.004543,0.004545,0.004541,0.004542,1059907.94
2025-09-06 22:18:00,0.004542,0.004548,0.004541,0.004541,307362.22
2025-09-06 22:19:00,0.004541,0.004544,0.004533,0.004536,1398631.47
2025-09-06 22:20:00,0.004536,0.00454,0.004534,0.004538,1342121.37
2025-09-06 22:21:00,0.004538,0.004538,0.004536,0.004536,694577.43
2025-09-06 22:22:00,0.004536,0.004538,0.00453,0.004531,3149408.16
2025-09-06 22:23:00,0.004531,0.004535,0.004527,0.004535,1240132.51
2025-09-06 22:24:00,0.004535,0.004535,0.004529,0.004529,4295360.89
2025-09-06 22:25:00,0.004529,0.00453,0.004527,0.004529,442072.38
2025-09-06 22:26:00,0.004529,0.004529,0.004525,0.004526,891120.96
2025-09-06 22:27:00,0.004526,0.004526,0.004518,0.004518,192852.1
2025-09-06 22:28:00,0.004518,0.004526,0.004518,0.00452,801628.89
2025-09-06 22:29:00,0.00452,0.004527,0.00452,0.00452,4115049.17
2025-09-06 22:30:00,0.00452,0.004525,0.00452,0.00452,1061278.55
2025-09-06 22:31:00,0.00452,0.004525,0.004519,0.004521,920666.13
2025-09-06 22:32:00,0.004521,0.004528,0.004517,0.004524,577818.64
2025-09-06 22:33:00,0.004524,0.00453,0.004522,0.004528,1186933.76
2025-09-06 22:34:00,0.004528,0.00453,0.004521,0.004521,1000069.85
2025-09-06 22:35:00,0.004521,0.004526,0.00452,0.004525,1775760.79
2025-09-06 22:36:00,0.004525,0.004525,0.004517,0.004518,1118845.63
2025-09-06 22:37:00,0.004518,0.004519,0.004513,0.004513,1035210.49
2025-09-06 22:38:00,0.004513,0.004516,0.004513,0.004515,510165.83
2025-09-06 22:39:00,0.004515,0.004515,0.004512,0.004512,508126.41
2025-09-06 22:40:00,0.004512,0.004517,0.004512,0.004514,518882.58
2025-09-06 22:41:00,0.004514,0.004515,0.004513,0.004514,368373.35
2025-09-06 22:42:00,0.004514,0.004514,0.004498,0.004504,588179.79
2025-09-06 22:43:00,0.004504,0.00451,0.004504,0.004504,426772.94
2025-09-06 22:44:00,0.004504,0.004508,0.004504,0.004506,1192232.05
2025-09-06 22:45:00,0.004506,0.004509,0.004503,0.004503,1206353.91
2025-09-06 22:46:00,0.004503,0.004505,0.004478,0.004486,5400273.28
2025-09-06 22:47:00,0.004486,0.004492,0.004482,0.004482,3409037.08
2025-09-06 22:48:00,0.004482,0.004487,0.004481,0.004484,1936301.55
2025-09-06 22:49:00,0.004484,0.004508,0.00448,0.0045,22262548.4
2025-09-06 22:50:00,0.0045,0.00451,0.004497,0.004509,949578.26
2025-09-06 22:51:00,0.004509,0.004513,0.004507,0.004512,733005.45
2025-09-06 22:52:00,0.004512,0.004522,0.004512,0.004516,2425010.1
2025-09-06 22:53:00,0.004516,0.004519,0.004509,0.004518,2375010.1
2025-09-06 22:54:00,0.004518,0.00452,0.004515,0.004517,528349.37
2025-09-06 22:55:00,0.004517,0.004527,0.004517,0.004527,454896.15
2025-09-06 22:56:00,0.004527,0.004527,0.004522,0.004522,201997.44
2025-09-06 22:57:00,0.004522,0.004524,0.004519,0.004523,1186858.05
2025-09-06 22:58:00,0.004523,0.004526,0.004523,0.004524,459080.33
2025-09-06 22:59:00,0.004524,0.004527,0.004524,0.004527,61126.03
2025-09-06 23:00:00,0.004527,0.004544,0.004526,0.004537,11968413.05
2025-09-06 23:01:00,0.004537,0.004541,0.004531,0.004531,1086468.9
2025-09-06 23:02:00,0.004531,0.004535,0.00453,0.004532,222906.09
2025-09-06 23:03:00,0.004532,0.004533,0.004526,0.004526,331670.32
2025-09-06 23:04:00,0.004526,0.004527,0.004522,0.004525,1078590.08
2025-09-06 23:05:00,0.004525,0.004525,0.004521,0.004521,605717.46
2025-09-06 23:06:00,0.004521,0.004523,0.004513,0.004515,3211735.92
2025-09-06 23:07:00,0.004515,0.004517,0.00451,0.004517,831552.72
2025-09-06 23:08:00,0.004517,0.004519,0.004513,0.004519,1523726.36
2025-09-06 23:09:00,0.004519,0.00452,0.004518,0.004519,28456.83
2025-09-06 23:10:00,0.004519,0.004522,0.004519,0.004522,54007.28
2025-09-06 23:11:00,0.004522,0.004522,0.004519,0.004519,724580.63
2025-09-06 23:12:00,0.004519,0.004521,0.004518,0.004519,106692.79
2025-09-06 23:13:00,0.004519,0.004522,0.004518,0.004518,2431767.13
2025-09-06 23:14:00,0.004518,0.004522,0.004518,0.004522,189788.5
2025-09-06 23:15:00,0.004522,0.004522,0.004513,0.004513,40528.7
2025-09-06 23:16:00,0.004513,0.004516,0.00451,0.004512,1422107.77
2025-09-06 23:17:00,0.004512,0.004515,0.004509,0.004515,3914455.34
2025-09-06 23:18:00,0.004515,0.004515,0.004505,0.004506,845049.87
2025-09-06 23:19:00,0.004506,0.004506,0.004492,0.004492,781840.0
2025-09-06 23:20:00,0.004492,0.004496,0.004492,0.004496,412780.62
2025-09-06 23:21:00,0.004496,0.004506,0.004493,0.004501,655458.92
2025-09-06 23:22:00,0.004501,0.004508,0.004501,0.004508,1686636.36
2025-09-06 23:23:00,0.004508,0.004508,0.004502,0.004502,603226.16
2025-09-06 23:24:00,0.004502,0.004502,0.0045,0.004501,60968.42
2025-09-06 23:25:00,0.004501,0.004504,0.004498,0.0045,157304.79
2025-09-06 23:26:00,0.0045,0.004502,0.004493,0.004494,3724168.96
2025-09-06 23:27:00,0.004494,0.0045,0.004494,0.004499,156643.11
2025-09-06 23:28:00,0.004499,0.004499,0.004495,0.004495,128721.92
2025-09-06 23:29:00,0.004495,0.004498,0.004493,0.004493,638954.22
2025-09-06 23:30:00,0.004493,0.004499,0.004493,0.004496,600415.04
2025-09-06 23:31:00,0.004496,0.004502,0.004496,0.004499,2989037.22
2025-09-06 23:32:00,0.004499,0.0045,0.004494,0.004494,383108.34
2025-09-06 23:33:00,0.004494,0.004498,0.004493,0.004493,997896.19
2025-09-06 23:34:00,0.004493,0.004494,0.004491,0.004493,1007289.5
2025-09-06 23:35:00,0.004493,0.004495,0.004492,0.004495,2882945.32
2025-09-06 23:36:00,0.004495,0.0045,0.004495,0.0045,138660.72
2025-09-06 23:37:00,0.0045,0.004509,0.0045,0.004508,2227504.05
2025-09-06 23:38:00,0.004508,0.004514,0.004508,0.004511,994986.3
2025-09-06 23:39:00,0.004511,0.004529,0.004511,0.004523,2036944.08
2025-09-06 23:40:00,0.004523,0.004524,0.004515,0.004517,626146.44
2025-09-06 23:41:00,0.004517,0.004527,0.004516,0.004525,1549972.07
2025-09-06 23:42:00,0.004525,0.004533,0.004523,0.00453,1193955.04
2025-09-06 23:43:00,0.00453,0.004534,0.00453,0.004531,689148.28
2025-09-06 23:44:00,0.004531,0.004532,0.004525,0.004529,2259715.18
2025-09-06 23:45:00,0.004529,0.004529,0.004523,0.004524,1404868.03
2025-09-06 23:46:00,0.004524,0.004532,0.004524,0.004527,839174.74
2025-09-06 23:47:00,0.004527,0.004527,0.004524,0.004524,28394.13
2025-09-06 23:48:00,0.004524,0.004525,0.004519,0.004523,2211355.65
2025-09-06 23:49:00,0.004523,0.004528,0.004523,0.004528,2657621.38
2025-09-06 23:50:00,0.004528,0.004537,0.004525,0.004535,2550514.82
2025-09-06 23:51:00,0.004535,0.004546,0.004532,0.004543,2269308.15
2025-09-06 23:52:00,0.004543,0.004543,0.004535,0.004538,368947.37
2025-09-06 23:53:00,0.004538,0.004539,0.004536,0.004539,306998.63
2025-09-06 23:54:00,0.004539,0.004541,0.004535,0.004536,460246.16
2025-09-06 23:55:00,0.004536,0.004537,0.004533,0.004533,39325.92
2025-09-06 23:56:00,0.004533,0.004534,0.004526,0.004526,126140.32
2025-09-06 23:57:00,0.004526,0.004526,0.004518,0.004523,602272.59
2025-09-06 23:58:00,0.004523,0.004523,0.004515,0.004519,93815.97
2025-09-06 23:59:00,0.004519,0.004519,0.004516,0.004519,27245.64
2025-09-07 00:00:00,0.004519,0.004533,0.004516,0.004531,271019.86
2025-09-07 00:01:00,0.004531,0.004535,0.004527,0.004528,581879.22
2025-09-07 00:02:00,0.004528,0.004531,0.004526,0.004528,63728.12
2025-09-07 00:03:00,0.004528,0.004531,0.004526,0.004526,68160.24
2025-09-07 00:04:00,0.004526,0.004536,0.004526,0.004536,2105949.53
2025-09-07 00:05:00,0.004536,0.004539,0.004535,0.004539,204044.09
2025-09-07 00:06:00,0.004539,0.004539,0.004535,0.004536,873876.96
2025-09-07 00:07:00,0.004536,0.004539,0.004534,0.004538,206774.38
2025-09-07 00:08:00,0.004538,0.004542,0.004536,0.004536,1801535.08
2025-09-07 00:09:00,0.004536,0.004547,0.004536,0.004547,1288935.39
2025-09-07 00:10:00,0.004547,0.004548,0.00454,0.004547,967109.74
2025-09-07 00:11:00,0.004547,0.004549,0.004538,0.004543,1009368.68
2025-09-07 00:12:00,0.004543,0.004545,0.004535,0.004535,462641.65
2025-09-07 00:13:00,0.004535,0.004537,0.004534,0.004537,904920.97
2025-09-07 00:14:00,0.004537,0.004537,0.004534,0.004535,33909.81
2025-09-07 00:15:00,0.004535,0.004538,0.004532,0.004536,292644.59
2025-09-07 00:16:00,0.004536,0.004539,0.004533,0.004539,83277.1
2025-09-07 00:17:00,0.004539,0.004541,0.004537,0.004541,69921.48
2025-09-07 00:18:00,0.004541,0.004541,0.004537,0.004539,984704.38
2025-09-07 00:19:00,0.004539,0.004552,0.004539,0.004552,404401.52
2025-09-07 00:20:00,0.004552,0.004552,0.00455,0.00455,53136.26
2025-09-07 00:21:00,0.00455,0.004556,0.004549,0.004555,279171.14
2025-09-07 00:22:00,0.004555,0.004556,0.004553,0.004555,411868.76
2025-09-07 00:23:00,0.004555,0.004556,0.004553,0.004556,51151.06
2025-09-07 00:24:00,0.004556,0.004565,0.004555,0.004561,3477098.0
2025-09-07 00:25:00,0.004561,0.004565,0.004561,0.004564,2652920.21
2025-09-07 00:26:00,0.004564,0.004588,0.004564,0.004588,9681151.49
2025-09-07 00:27:00,0.004588,0.004606,0.004575,0.004598,5067020.53
2025-09-07 00:28:00,0.004598,0.004604,0.004594,0.004599,7024327.92
2025-09-07 00:29:00,0.004599,0.004614,0.004599,0.004609,3524552.52
2025-09-07 00:30:00,0.004609,0.004617,0.004607,0.004614,3344949.4
2025-09-07 00:31:00,0.004614,0.004614,0.004599,0.004599,1371665.16
2025-09-07 00:32:00,0.004599,0.004621,0.004595,0.004612,6743690.76
2025-09-07 00:33:00,0.004612,0.004612,0.004604,0.004605,792964.38
2025-09-07 00:34:00,0.004605,0.004605,0.004562,0.004575,4716285.73
2025-09-07 00:35:00,0.004575,0.004579,0.004565,0.004572,1828125.57
2025-09-07 00:36:00,0.004572,0.004576,0.004568,0.004571,3980804.18
2025-09-07 00:37:00,0.004571,0.004572,0.004563,0.004565,2324021.88
2025-09-07 00:38:00,0.004565,0.004565,0.004557,0.004557,1653000.4
2025-09-07 00:39:00,0.004557,0.004559,0.004552,0.004557,1263778.1
2025-09-07 00:40:00,0.004557,0.004561,0.004555,0.004557,796142.31
2025-09-07 00:41:00,0.004557,0.004562,0.004555,0.004557,1235668.92
2025-09-07 00:42:00,0.004557,0.004558,0.004533,0.004534,2334013.14
2025-09-07 00:43:00,0.004534,0.004537,0.004523,0.004525,1246959.56
2025-09-07 00:44:00,0.004525,0.004537,0.004524,0.004535,3524432.56
2025-09-07 00:45:00,0.004535,0.004537,0.004528,0.004528,863152.0
2025-09-07 00:46:00,0.004528,0.004533,0.004528,0.00453,142889.12
2025-09-07 00:47:00,0.00453,0.00453,0.004522,0.004523,1175743.64
2025-09-07 00:48:00,0.004523,0.004547,0.004523,0.004543,1792197.18
2025-09-07 00:49:00,0.004543,0.00455,0.004539,0.004548,3721882.05
2025-09-07 00:50:00,0.004548,0.004548,0.004537,0.004539,612942.26
2025-09-07 00:51:00,0.004539,0.00454,0.004532,0.004534,1959335.03
2025-09-07 00:52:00,0.004534,0.00454,0.004532,0.00454,990791.48
2025-09-07 00:53:00,0.00454,0.00454,0.004485,0.004486,19340338.67
2025-09-07 00:54:00,0.004486,0.004497,0.004486,0.004488,3189484.53
2025-09-07 00:55:00,0.004488,0.004491,0.00448,0.004486,4888599.81
2025-09-07 00:56:00,0.004486,0.004489,0.00448,0.004483,1215387.51
2025-09-07 00:57:00,0.004483,0.004483,0.004479,0.004479,950237.22
2025-09-07 00:58:00,0.004479,0.004481,0.004434,0.004458,13806875.98
2025-09-07 00:59:00,0.004458,0.004462,0.004453,0.004454,1556578.23
